CN,ISO,Rate
94013000,MT,5.0
94017900,MT,5.0
94029000,MT,5.0
39249000,MT,5.0
40149000,MT,5.0
40169500,MT,5.0
401699,MT,5.0
63064000,MT,5.0
66020000,MT,5.0
660390,MT,5.0
73251000,MT,5.0
732599,MT,5.0
732619,MT,5.0
732690,MT,5.0
79070000,MT,5.0
87142000,MT,5.0
940421,MT,5.0
940429,MT,5.0
940490,MT,5.0
9701,MT,5.0
97020000,MT,5.0
97030000,MT,5.0
97040000,MT,5.0
97050000,MT,5.0
01,MT,0.0
02,MT,0.0
03,MT,0.0
04,MT,0.0
05040000,MT,0.0
05059000,MT,0.0
05069000,MT,0.0
05080000,MT,0.0
05100000,MT,0.0
05111000,MT,0.0
05119110,MT,0.0
05119190,MT,0.0
05119985,MT,0.0
06012010,MT,0.0
06021010,MT,0.0
06022010,MT,0.0
06022080,MT,0.0
06029010,MT,0.0
06029020,MT,0.0
06029030,MT,0.0
07,MT,0.0
08,MT,0.0
09,MT,0.0
10,MT,0.0
11,MT,0.0
97060000,MT,5.0
12,MT,0.0
13,MT,0.0
1501,MT,0.0
1502,MT,0.0
15030090,MT,0.0
1504,MT,0.0
15060000,MT,0.0
15071090,MT,0.0
15079090,MT,0.0
15081090,MT,0.0
15089090,MT,0.0
1509,MT,0.0
151000,MT,0.0
1511,MT,0.0
1512,MT,0.0
1513,MT,0.0
15151990,MT,0.0
15152190,MT,0.0
15152990,MT,0.0
15155019,MT,0.0
15155099,MT,0.0
151590,MT,0.0
1516,MT,0.0
1517,MT,0.0
152190,MT,0.0
15220099,MT,0.0
17049030,MT,0.0
17049051,MT,0.0
17049099,MT,0.0
20,MT,0.0
21,MT,0.0
220299,MT,0.0
220900,MT,0.0
23,MT,0.0
25010091,MT,0.0
33019021,MT,0.0
33021029,MT,0.0
33021040,MT,0.0
33021090,MT,0.0
3001,MT,0.0
3002,MT,0.0
3003,MT,0.0
3004,MT,0.0
33019030,MT,0.0
35071000,MT,0.0
38249964,MT,0.0
12079991,MT,5.0
13021100,MT,5.0
13021400,MT,5.0
130219,MT,5.0
13021905,MT,5.0
13022010,MT,5.0
13022090,MT,5.0
15030019,MT,5.0
15179093,MT,5.0
15200000,MT,5.0
15220010,MT,5.0
17029010,MT,5.0
170410,MT,5.0
17049010,MT,5.0
17049055,MT,5.0
17049061,MT,5.0
17049065,MT,5.0
17049071,MT,5.0
17049075,MT,5.0
17049081,MT,5.0
20060010,MT,5.0
2009,MT,5.0
21050010,MT,5.0
21050091,MT,5.0
21050099,MT,5.0
25010010,MT,5.0
33021021,MT,5.0
29054500,MT,5.0
3001,MT,5.0
3002,MT,5.0
3005,MT,5.0
3006,MT,5.0
3306,MT,5.0
33079000,MT,5.0
34070000,MT,5.0
38220000,MT,5.0
392690,MT,5.0
481890,MT,5.0
630790,MT,5.0
70151000,MT,5.0
90013000,MT,5.0
90014041,MT,5.0
90014049,MT,5.0
90014080,MT,5.0
90015041,MT,5.0
90015049,MT,5.0
90015080,MT,5.0
900490,MT,5.0
90049010,MT,5.0
90049090,MT,5.0
90200000,MT,5.0
48202000,MT,5.0
4901,MT,5.0
49030000,MT,5.0
49040000,MT,5.0
49059100,MT,5.0
49059900,MT,5.0
49100000,MT,5.0
491110,MT,5.0
49119900,MT,5.0
4902,MT,5.0
4902,MT,5.0
84251100,MT,5.0
84251900,MT,5.0
842810,MT,5.0
842820,MT,5.0
84286000,MT,5.0
842890,MT,5.0
851840,MT,5.0
87131000,MT,5.0
87139000,MT,5.0
,MT,18.0
0101,SI,9.5
0102,SI,9.5
0103,SI,9.5
0104,SI,9.5
0105,SI,9.5
0201,SI,9.5
0202,SI,9.5
0203,SI,9.5
0204,SI,9.5
020500,SI,9.5
0206,SI,9.5
0207,SI,9.5
0208,SI,9.5
0209,SI,9.5
0210,SI,9.5
0301,SI,9.5
0302,SI,9.5
0303,SI,9.5
0304,SI,9.5
0305,SI,9.5
0306,SI,9.5
0307,SI,9.5
0308,SI,9.5
0401,SI,9.5
0402,SI,9.5
0403,SI,9.5
0404,SI,9.5
0405,SI,9.5
0406,SI,9.5
0407,SI,9.5
04071100,SI,9.5
04071911,SI,9.5
04071919,SI,9.5
0408,SI,9.5
04090000,SI,9.5
04100000,SI,9.5
05040000,SI,9.5
05111000,SI,9.5
05119190,SI,9.5
05119985,SI,9.5
060210,SI,9.5
06021090,SI,9.5
060220,SI,9.5
06029030,SI,9.5
06029041,SI,9.5
0701,SI,9.5
07011000,SI,9.5
07020000,SI,9.5
0703,SI,9.5
0704,SI,9.5
0705,SI,9.5
0706,SI,9.5
070700,SI,9.5
0708,SI,9.5
0709,SI,9.5
0710,SI,9.5
0711,SI,9.5
0712,SI,9.5
07129011,SI,9.5
0713,SI,9.5
0714,SI,9.5
0801,SI,9.5
0802,SI,9.5
0803,SI,9.5
0804,SI,9.5
0805,SI,9.5
0806,SI,9.5
0807,SI,9.5
0808,SI,9.5
0809,SI,9.5
0810,SI,9.5
0811,SI,9.5
0812,SI,9.5
0813,SI,9.5
0901,SI,9.5
0902,SI,9.5
09030000,SI,9.5
0904,SI,9.5
0905,SI,9.5
0906,SI,9.5
0907,SI,9.5
0908,SI,9.5
0909,SI,9.5
0910,SI,9.5
091099,SI,9.5
1001,SI,9.5
1002,SI,9.5
1003,SI,9.5
1004,SI,9.5
1005,SI,9.5
1006,SI,9.5
1007,SI,9.5
1008,SI,9.5
110100,SI,9.5
1102,SI,9.5
1103,SI,9.5
1104,SI,9.5
1105,SI,9.5
1106,SI,9.5
1108,SI,9.5
1201,SI,9.5
12019000,SI,9.5
1202,SI,9.5
12024100,SI,9.5
12024200,SI,9.5
12030000,SI,9.5
120400,SI,9.5
12040090,SI,9.5
120600,SI,9.5
12060091,SI,9.5
12060099,SI,9.5
1207,SI,9.5
12071000,SI,9.5
12073000,SI,9.5
12074090,SI,9.5
12075090,SI,9.5
12076000,SI,9.5
12077000,SI,9.5
12079190,SI,9.5
12079991,SI,9.5
12079996,SI,9.5
12081000,SI,9.5
12089000,SI,9.5
1209,SI,9.5
1211,SI,9.5
12122100,SI,9.5
12129200,SI,9.5
12129400,SI,9.5
12129949,SI,9.5
12129995,SI,9.5
12130000,SI,9.5
1214,SI,9.5
13021970,SI,9.5
15011090,SI,9.5
15012090,SI,9.5
15019000,SI,9.5
15021090,SI,9.5
15029090,SI,9.5
1504,SI,9.5
15060000,SI,9.5
15071090,SI,9.5
15079090,SI,9.5
15081090,SI,9.5
15089090,SI,9.5
1509,SI,9.5
15111090,SI,9.5
15119011,SI,9.5
15119019,SI,9.5
15119099,SI,9.5
15121191,SI,9.5
15121199,SI,9.5
15121990,SI,9.5
15122190,SI,9.5
15122990,SI,9.5
15131191,SI,9.5
15131199,SI,9.5
15131911,SI,9.5
15131919,SI,9.5
15131991,SI,9.5
15131999,SI,9.5
15132130,SI,9.5
15132190,SI,9.5
15132911,SI,9.5
15132919,SI,9.5
15132950,SI,9.5
15132990,SI,9.5
15141190,SI,9.5
15141990,SI,9.5
15149190,SI,9.5
15149990,SI,9.5
15151990,SI,9.5
15152190,SI,9.5
15152990,SI,9.5
15153090,SI,9.5
15155019,SI,9.5
15155099,SI,9.5
15159029,SI,9.5
15159039,SI,9.5
15159051,SI,9.5
15159059,SI,9.5
15159091,SI,9.5
15159099,SI,9.5
1516,SI,9.5
1517,SI,9.5
160100,SI,9.5
16010010,SI,9.5
1602,SI,9.5
160300,SI,9.5
1604,SI,9.5
1605,SI,9.5
1701,SI,9.5
1702,SI,9.5
1703,SI,9.5
1704,SI,9.5
18050000,SI,9.5
1806,SI,9.5
1901,SI,9.5
1902,SI,9.5
19030000,SI,9.5
1904,SI,9.5
1905,SI,9.5
2001,SI,9.5
2002,SI,9.5
2003,SI,9.5
2004,SI,9.5
2005,SI,9.5
200600,SI,9.5
2007,SI,9.5
2008,SI,9.5
2009,SI,9.5
2101,SI,9.5
2102,SI,9.5
2103,SI,9.5
2104,SI,9.5
210500,SI,9.5
2106,SI,9.5
2201,SI,9.5
2202,SI,9.5
220900,SI,9.5
2301,SI,9.5
2302,SI,9.5
2303,SI,9.5
23040000,SI,9.5
23050000,SI,9.5
2306,SI,9.5
230800,SI,9.5
2309,SI,9.5
25010010,SI,9.5
25010091,SI,9.5
25309000,SI,9.5
29054300,SI,9.5
290544,SI,9.5
29232000,SI,9.5
29251100,SI,9.5
29349990,SI,9.5
2936,SI,9.5
30012090,SI,9.5
31,SI,9.5
31010000,SI,9.5
3102,SI,9.5
382460,SI,9.5
38249992,SI,9.5
38249993,SI,9.5
38249996,SI,9.5
1205,SI,9.5
28020000,SI,9.5
3002,SI,9.5
3003,SI,9.5
3004,SI,9.5
3005,SI,9.5
300610,SI,9.5
30062000,SI,9.5
30064000,SI,9.5
30066000,SI,9.5
38220000,SI,9.5
39249000,SI,9.5
39269097,SI,9.5
40141000,SI,9.5
40149000,SI,9.5
90189084,SI,9.5
961900,SI,9.5
96190030,SI,9.5
96190040,SI,9.5
96190071,SI,9.5
96190075,SI,9.5
96190079,SI,9.5
30067000,SI,9.5
30069100,SI,9.5
32141010,SI,9.5
35061000,SI,9.5
3923,SI,9.5
39269092,SI,9.5
42032990,SI,9.5
48030090,SI,9.5
61082100,SI,9.5
61082200,SI,9.5
61082900,SI,9.5
6115,SI,9.5
62160000,SI,9.5
64,SI,9.5
66020000,SI,9.5
8413,SI,9.5
84145100,SI,9.5
841459,SI,9.5
85437090,SI,9.5
87120070,SI,9.5
8713,SI,9.5
87142000,SI,9.5
90013000,SI,9.5
900140,SI,9.5
900150,SI,9.5
90029000,SI,9.5
90041010,SI,9.5
90041091,SI,9.5
90041099,SI,9.5
90049010,SI,9.5
90049090,SI,9.5
9005,SI,9.5
9013,SI,9.5
90183110,SI,9.5
90183190,SI,9.5
90183900,SI,9.5
90189075,SI,9.5
90192000,SI,9.5
9021,SI,9.5
902110,SI,9.5
9027,SI,9.5
90275000,SI,9.5
9401,SI,9.5
58050000,SI,9.5
6304,SI,9.5
9701,SI,9.5
97020000,SI,9.5
97030000,SI,9.5
97030000,SI,9.5
97040000,SI,9.5
97050000,SI,9.5
97060000,SI,9.5
0601,SI,0.0
0602,SI,0.0
0603,SI,0.0
0604,SI,0.0
1209,SI,0.0
3904,SI,5.0
4901,SI,5.0
4902,SI,5.0
49030000,SI,5.0
4905,SI,5.0
8523,SI,5.0
,SI,22.0
01012910,ES,10.0
01012990,ES,10.0
01013000,ES,10.0
01019000,ES,10.0
01022905,ES,10.0
01022910,ES,10.0
01022921,ES,10.0
01022929,ES,10.0
01022941,ES,10.0
01022949,ES,10.0
01022951,ES,10.0
01022959,ES,10.0
01022961,ES,10.0
01022969,ES,10.0
01022991,ES,10.0
01022999,ES,10.0
01023910,ES,10.0
01023990,ES,10.0
010290,ES,10.0
010391,ES,10.0
010392,ES,10.0
01041030,ES,10.0
01041080,ES,10.0
01042090,ES,10.0
0105,ES,10.0
0106,ES,10.0
02,ES,10.0
030191,ES,10.0
030192,ES,10.0
03019300,ES,10.0
03019410,ES,10.0
03019500,ES,10.0
030199,ES,10.0
0302,ES,10.0
0303,ES,10.0
0304,ES,10.0
0305,ES,10.0
0306,ES,10.0
0307,ES,10.0
03081100,ES,10.0
03081200,ES,10.0
03081900,ES,10.0
03082100,ES,10.0
03082200,ES,10.0
03082900,ES,10.0
030830,ES,10.0
030890,ES,10.0
03089010,ES,10.0
0404,ES,10.0
0405,ES,10.0
04090000,ES,10.0
04100000,ES,10.0
0601,ES,10.0
06023000,ES,10.0
06024000,ES,10.0
060290,ES,10.0
0603,ES,10.0
0710,ES,10.0
0711,ES,10.0
09,ES,10.0
1201,ES,10.0
1202,ES,10.0
12030000,ES,10.0
120400,ES,10.0
1205,ES,10.0
120600,ES,10.0
12071000,ES,10.0
12073000,ES,10.0
120740,ES,10.0
120750,ES,10.0
12076000,ES,10.0
12077000,ES,10.0
120791,ES,10.0
120799,ES,10.0
1208,ES,10.0
1209,ES,10.0
1210,ES,10.0
1211,ES,10.0
1212,ES,10.0
12130000,ES,10.0
1214,ES,10.0
1302,ES,10.0
15,ES,10.0
16,ES,10.0
17,ES,10.0
18,ES,10.0
19,ES,10.0
2001,ES,10.0
2002,ES,10.0
2003,ES,10.0
2004,ES,10.0
2005,ES,10.0
200600,ES,10.0
2007,ES,10.0
2008,ES,10.0
2009,ES,10.0
21,ES,10.0
220900,ES,10.0
25010091,ES,10.0
2201,ES,10.0
30023000,ES,10.0
3005,ES,10.0
300610,ES,10.0
30062000,ES,10.0
30063000,ES,10.0
30064000,ES,10.0
30065000,ES,10.0
30067000,ES,10.0
40141000,ES,10.0
31,ES,10.0
58050000,ES,10.0
63049100,ES,10.0
63049200,ES,10.0
63049900,ES,10.0
90013000,ES,10.0
90014041,ES,10.0
90014049,ES,10.0
90014080,ES,10.0
90015041,ES,10.0
90015049,ES,10.0
90015080,ES,10.0
90041010,ES,10.0
901831,ES,10.0
901832,ES,10.0
90183900,ES,10.0
90189010,ES,10.0
902110,ES,10.0
902121,ES,10.0
90212900,ES,10.0
90213100,ES,10.0
902139,ES,10.0
90214000,ES,10.0
96190040,ES,10.0
96190071,ES,10.0
96190075,ES,10.0
96190079,ES,10.0
9701,ES,10.0
97020000,ES,10.0
97020000,ES,10.0
97030000,ES,10.0
97030000,ES,10.0
97030000,ES,10.0
97030000,ES,10.0
97040000,ES,10.0
97050000,ES,10.0
97060000,ES,10.0
0401,ES,4.0
0402,ES,4.0
0403,ES,4.0
0406,ES,4.0
0407,ES,4.0
0408,ES,4.0
0701,ES,4.0
07020000,ES,4.0
0703,ES,4.0
0704,ES,4.0
0705,ES,4.0
0706,ES,4.0
070700,ES,4.0
0708,ES,4.0
0709,ES,4.0
0712,ES,4.0
0713,ES,4.0
0714,ES,4.0
08,ES,4.0
1001,ES,4.0
1002,ES,4.0
1003,ES,4.0
1004,ES,4.0
1005,ES,4.0
1006,ES,4.0
1007,ES,4.0
1008,ES,4.0
110100,ES,4.0
1102,ES,4.0
12072100,ES,4.0
12072900,ES,4.0
3001,ES,4.0
30021100,ES,4.0
30021200,ES,4.0
30021300,ES,4.0
30021400,ES,4.0
30021500,ES,4.0
30021900,ES,4.0
300220,ES,4.0
300290,ES,4.0
3003,ES,4.0
3004,ES,4.0
30066000,ES,4.0
30022010,ES,4.0
4901,ES,4.0
4902,ES,4.0
49030000,ES,4.0
49040000,ES,4.0
49059100,ES,4.0
49059900,ES,4.0
8713,ES,4.0
,ES,7.0
,ES,21.0
01012910,LU,3.0
0105,LU,3.0
01061410,LU,3.0
01064100,LU,3.0
0201,LU,3.0
0202,LU,3.0
0203,LU,3.0
0204,LU,3.0
020500,LU,3.0
0206,LU,3.0
0207,LU,3.0
0208,LU,3.0
0209,LU,3.0
0210,LU,3.0
0302,LU,3.0
0303,LU,3.0
0304,LU,3.0
0305,LU,3.0
0306,LU,3.0
0307,LU,3.0
0401,LU,3.0
0402,LU,3.0
0403,LU,3.0
0404,LU,3.0
0405,LU,3.0
0406,LU,3.0
0407,LU,3.0
0408,LU,3.0
04090000,LU,3.0
0701,LU,3.0
07020000,LU,3.0
0703,LU,3.0
0704,LU,3.0
0705,LU,3.0
0706,LU,3.0
070700,LU,3.0
0708,LU,3.0
0709,LU,3.0
0710,LU,3.0
0711,LU,3.0
0712,LU,3.0
0713,LU,3.0
0714,LU,3.0
0801,LU,3.0
0802,LU,3.0
0803,LU,3.0
0804,LU,3.0
0805,LU,3.0
0806,LU,3.0
0807,LU,3.0
0808,LU,3.0
0809,LU,3.0
0810,LU,3.0
0811,LU,3.0
0812,LU,3.0
0813,LU,3.0
08140000,LU,3.0
0901,LU,3.0
0902,LU,3.0
09030000,LU,3.0
0904,LU,3.0
0905,LU,3.0
0906,LU,3.0
0907,LU,3.0
0908,LU,3.0
0909,LU,3.0
0910,LU,3.0
1001,LU,3.0
1002,LU,3.0
1003,LU,3.0
1004,LU,3.0
1005,LU,3.0
1006,LU,3.0
1007,LU,3.0
1008,LU,3.0
110100,LU,3.0
1102,LU,3.0
1103,LU,3.0
1104,LU,3.0
1107,LU,3.0
1108,LU,3.0
11090000,LU,3.0
1214,LU,3.0
1517,LU,3.0
160100,LU,3.0
1602,LU,3.0
160300,LU,3.0
1604,LU,3.0
1605,LU,3.0
1701,LU,3.0
1702,LU,3.0
1703,LU,3.0
1704,LU,3.0
18010000,LU,3.0
18020000,LU,3.0
1803,LU,3.0
18040000,LU,3.0
1806,LU,3.0
1901,LU,3.0
1902,LU,3.0
19030000,LU,3.0
1904,LU,3.0
1905,LU,3.0
2001,LU,3.0
2002,LU,3.0
2003,LU,3.0
2004,LU,3.0
2005,LU,3.0
200600,LU,3.0
2007,LU,3.0
2008,LU,3.0
2009,LU,3.0
2101,LU,3.0
2102,LU,3.0
2103,LU,3.0
2104,LU,3.0
210500,LU,3.0
2106,LU,3.0
2202,LU,3.0
220900,LU,3.0
2301,LU,3.0
2302,LU,3.0
2303,LU,3.0
23040000,LU,3.0
23050000,LU,3.0
2306,LU,3.0
230700,LU,3.0
230800,LU,3.0
2309,LU,3.0
25010091,LU,3.0
01013000,LU,3.0
01019000,LU,3.0
0102,LU,3.0
0103,LU,3.0
0104,LU,3.0
0105,LU,3.0
01061410,LU,3.0
01061490,LU,3.0
01064100,LU,3.0
05111000,LU,3.0
06021010,LU,3.0
060220,LU,3.0
06029010,LU,3.0
06029030,LU,3.0
06029041,LU,3.0
10,LU,3.0
1201,LU,3.0
1202,LU,3.0
12030000,LU,3.0
120400,LU,3.0
1205,LU,3.0
120600,LU,3.0
1207,LU,3.0
1208,LU,3.0
1209,LU,3.0
121291,LU,3.0
12129300,LU,3.0
12130000,LU,3.0
25221000,LU,3.0
25222000,LU,3.0
27030000,LU,3.0
31,LU,3.0
01012100,LU,3.0
01012990,LU,3.0
1211,LU,3.0
3003,LU,3.0
3004,LU,3.0
1501,LU,3.0
1502,LU,3.0
150300,LU,3.0
1504,LU,3.0
150500,LU,3.0
15060000,LU,3.0
1507,LU,3.0
1508,LU,3.0
1509,LU,3.0
151000,LU,3.0
1511,LU,3.0
1512,LU,3.0
1513,LU,3.0
1514,LU,3.0
1515,LU,3.0
1516,LU,3.0
0301,LU,3.0
05119931,LU,3.0
05119939,LU,3.0
39249000,LU,3.0
40149000,LU,3.0
96190030,LU,3.0
96190040,LU,3.0
96190071,LU,3.0
05119985,LU,3.0
0601,LU,3.0
4901,LU,3.0
4902,LU,3.0
49030000,LU,3.0
49040000,LU,3.0
4905,LU,3.0
3005,LU,3.0
30061010,LU,3.0
30061090,LU,3.0
30062000,LU,3.0
30063000,LU,3.0
30064000,LU,3.0
30065000,LU,3.0
611510,LU,3.0
8713,LU,3.0
90013000,LU,3.0
90014041,LU,3.0
90014049,LU,3.0
90014080,LU,3.0
90015041,LU,3.0
90015049,LU,3.0
90015080,LU,3.0
90031100,LU,3.0
90031900,LU,3.0
9021,LU,3.0
9004,LU,3.0
300220,LU,3.0
30023000,LU,3.0
22019000,LU,3.0
060110,LU,8.0
06021090,LU,8.0
06023000,LU,8.0
06024000,LU,8.0
06029045,LU,8.0
06029046,LU,8.0
06029047,LU,8.0
06029048,LU,8.0
06029050,LU,8.0
06029070,LU,8.0
06029091,LU,8.0
06029099,LU,8.0
0603,LU,8.0
0604,LU,8.0
27111100,LU,8.0
27112100,LU,8.0
27160000,LU,8.0
380891,LU,8.0
380892,LU,8.0
380893,LU,8.0
380894,LU,8.0
4401,LU,8.0
49119100,LU,8.0
58050000,LU,8.0
63049200,LU,8.0
63049900,LU,8.0
69139093,LU,8.0
69139098,LU,8.0
9701,LU,8.0
97020000,LU,8.0
97030000,LU,8.0
97030000,LU,8.0
97030000,LU,8.0
97040000,LU,8.0
97050000,LU,8.0
97060000,LU,8.0
2204,LU,14.0
27012000,LU,14.0
27022000,LU,14.0
27030000,LU,14.0
27101925,LU,14.0
27101931,LU,14.0
27101935,LU,14.0
27101943,LU,14.0
27101946,LU,14.0
27101947,LU,14.0
27101948,LU,14.0
4403,LU,14.0
34022090,LU,14.0
491110,LU,14.0
61,LU,3.0
62,LU,3.0
64,LU,3.0
65,LU,3.0
2201,LU,3.0
250100,LU,3.0
30066000,LU,3.0
,LU,17.0
01,DE,7.0
02,DE,7.0
03,DE,7.0
04,DE,7.0
05040000,DE,7.0
07,DE,7.0
0801,DE,7.0
0802,DE,7.0
0803,DE,7.0
0804,DE,7.0
0805,DE,7.0
0806,DE,7.0
0807,DE,7.0
0808,DE,7.0
0809,DE,7.0
0810,DE,7.0
0811,DE,7.0
0812,DE,7.0
0813,DE,7.0
09,DE,7.0
10,DE,7.0
110100,DE,7.0
1102,DE,7.0
1103,DE,7.0
1104,DE,7.0
1105,DE,7.0
1106,DE,7.0
1108,DE,7.0
1201,DE,7.0
1202,DE,7.0
12030000,DE,7.0
120400,DE,7.0
1205,DE,7.0
120600,DE,7.0
1207,DE,7.0
1208,DE,7.0
1209,DE,7.0
1211,DE,7.0
1212,DE,7.0
12130000,DE,7.0
1214,DE,7.0
130220,DE,7.0
1501,DE,7.0
1502,DE,7.0
150300,DE,7.0
1507,DE,7.0
1508,DE,7.0
1509,DE,7.0
151000,DE,7.0
1511,DE,7.0
1512,DE,7.0
1513,DE,7.0
1514,DE,7.0
1515,DE,7.0
1516,DE,7.0
1517,DE,7.0
16,DE,7.0
17,DE,7.0
18050000,DE,7.0
1806,DE,7.0
19,DE,7.0
2001,DE,7.0
2002,DE,7.0
2003,DE,7.0
2004,DE,7.0
2005,DE,7.0
200600,DE,7.0
2007,DE,7.0
2008,DE,7.0
21,DE,7.0
210690,DE,7.0
22019000,DE,7.0
2202,DE,7.0
220900,DE,7.0
23,DE,7.0
250100,DE,7.0
28363000,DE,7.0
28369917,DE,7.0
290544,DE,7.0
29152100,DE,7.0
29251100,DE,7.0
31010000,DE,7.0
330210,DE,7.0
350300,DE,7.0
01,DE,7.0
02,DE,7.0
03,DE,7.0
04,DE,7.0
05040000,DE,7.0
07,DE,7.0
0801,DE,7.0
0802,DE,7.0
0803,DE,7.0
0804,DE,7.0
0805,DE,7.0
0806,DE,7.0
0807,DE,7.0
0808,DE,7.0
0809,DE,7.0
0810,DE,7.0
0811,DE,7.0
0812,DE,7.0
0813,DE,7.0
09,DE,7.0
10,DE,7.0
110100,DE,7.0
1102,DE,7.0
1103,DE,7.0
1104,DE,7.0
1105,DE,7.0
1106,DE,7.0
1108,DE,7.0
1201,DE,7.0
1202,DE,7.0
12030000,DE,7.0
120400,DE,7.0
1205,DE,7.0
120600,DE,7.0
1207,DE,7.0
1208,DE,7.0
1209,DE,7.0
1211,DE,7.0
1212,DE,7.0
12130000,DE,7.0
1214,DE,7.0
130220,DE,7.0
1501,DE,7.0
1502,DE,7.0
150300,DE,7.0
1507,DE,7.0
1508,DE,7.0
1509,DE,7.0
151000,DE,7.0
1511,DE,7.0
1512,DE,7.0
1513,DE,7.0
1514,DE,7.0
1515,DE,7.0
1516,DE,7.0
1517,DE,7.0
16,DE,7.0
17,DE,7.0
18050000,DE,7.0
1806,DE,7.0
19,DE,7.0
2001,DE,7.0
2002,DE,7.0
2003,DE,7.0
2004,DE,7.0
2005,DE,7.0
200600,DE,7.0
2007,DE,7.0
2008,DE,7.0
21,DE,7.0
210690,DE,7.0
22019000,DE,7.0
2202,DE,7.0
220900,DE,7.0
23,DE,7.0
250100,DE,7.0
28363000,DE,7.0
28369917,DE,7.0
290544,DE,7.0
29152100,DE,7.0
29251100,DE,7.0
31010000,DE,7.0
330210,DE,7.0
350300,DE,7.0
05119939,DE,0.0
39249000,DE,0.0
40149000,DE,0.0
961900,DE,0.0
05119939,DE,0.0
39249000,DE,0.0
40149000,DE,0.0
961900,DE,0.0
06,DE,0.0
44011100,DE,0.0
44011200,DE,0.0
44013100,DE,0.0
44013900,DE,0.0
06,DE,0.0
44011100,DE,0.0
44011200,DE,0.0
44013100,DE,0.0
44013900,DE,0.0
4901,DE,7.0
49030000,DE,7.0
49040000,DE,7.0
4905,DE,7.0
97050000,DE,7.0
97060000,DE,7.0
4901,DE,7.0
49030000,DE,7.0
49040000,DE,7.0
4905,DE,7.0
97050000,DE,7.0
97060000,DE,7.0
4902,DE,7.0
4902,DE,7.0
4902,DE,7.0
4902,DE,7.0
7118,DE,7.0
97050000,DE,7.0
97060000,DE,7.0
8713,DE,7.0
902110,DE,7.0
902121,DE,7.0
90212900,DE,7.0
90213100,DE,7.0
902139,DE,7.0
90214000,DE,7.0
90215000,DE,7.0
902190,DE,7.0
8713,DE,7.0
902110,DE,7.0
902121,DE,7.0
90212900,DE,7.0
90213100,DE,7.0
902139,DE,7.0
90214000,DE,7.0
90215000,DE,7.0
902190,DE,7.0
9701,DE,7.0
9701,DE,7.0
97020000,DE,7.0
97020000,DE,7.0
97030000,DE,7.0
97030000,DE,7.0
97030000,DE,7.0
97030000,DE,7.0
22019000,DE,7.0
22019000,DE,7.0
,DE,19.0
,DE,19.0
06029099,FR,0.0
06031100,FR,0.0
06031200,FR,0.0
06031300,FR,0.0
06031400,FR,0.0
06031500,FR,0.0
060319,FR,0.0
060420,FR,0.0
06049011,FR,0.0
06049019,FR,0.0
06049091,FR,0.0
4401,FR,0.0
4403,FR,0.0
2941,FR,2.1
30021100,FR,2.1
30021200,FR,2.1
30021300,FR,2.1
30021400,FR,2.1
30021500,FR,2.1
30021900,FR,2.1
300220,FR,2.1
3004,FR,2.1
3005,FR,2.1
30061090,FR,2.1
30062000,FR,2.1
30063000,FR,2.1
30066000,FR,2.1
30067000,FR,2.1
30069200,FR,2.1
63051010,FR,2.1
63052000,FR,2.1
63053290,FR,2.1
63053900,FR,2.1
63059000,FR,2.1
02,FR,10.0
15141910,FR,10.0
15141990,FR,10.0
15162095,FR,10.0
151800,FR,10.0
15219091,FR,10.0
15219099,FR,10.0
21022019,FR,10.0
250100,FR,10.0
28020000,FR,10.0
28201000,FR,10.0
28209090,FR,10.0
28211000,FR,10.0
28255000,FR,10.0
28259085,FR,10.0
282739,FR,10.0
28274100,FR,10.0
28276000,FR,10.0
28299080,FR,10.0
28332500,FR,10.0
28332930,FR,10.0
28332980,FR,10.0
28342920,FR,10.0
28352200,FR,10.0
28352600,FR,10.0
283529,FR,10.0
28352990,FR,10.0
28353100,FR,10.0
28353900,FR,10.0
28363000,FR,10.0
28365000,FR,10.0
28369911,FR,10.0
28369917,FR,10.0
28417000,FR,10.0
284290,FR,10.0
30029050,FR,10.0
330112,FR,10.0
330290,FR,10.0
35040090,FR,10.0
38040000,FR,10.0
38086900,FR,10.0
380891,FR,10.0
380892,FR,10.0
380893,FR,10.0
380899,FR,10.0
01,FR,10.0
03,FR,10.0
04,FR,10.0
05,FR,10.0
07,FR,10.0
10,FR,10.0
12,FR,10.0
1301,FR,10.0
14049000,FR,10.0
17,FR,10.0
23080040,FR,10.0
240110,FR,10.0
4403,FR,10.0
5102,FR,10.0
53050000,FR,10.0
0505,FR,10.0
05069000,FR,10.0
0507,FR,10.0
0511,FR,10.0
0714,FR,10.0
1006,FR,10.0
12115000,FR,10.0
12119086,FR,10.0
12122100,FR,10.0
12122900,FR,10.0
15,FR,10.0
1703,FR,10.0
18020000,FR,10.0
1904,FR,10.0
21022019,FR,10.0
21022090,FR,10.0
23,FR,10.0
25010099,FR,10.0
25090000,FR,10.0
2510,FR,10.0
25199030,FR,10.0
28012000,FR,10.0
28170000,FR,10.0
28332100,FR,10.0
28332500,FR,10.0
28332920,FR,10.0
28352400,FR,10.0
28352500,FR,10.0
29033911,FR,10.0
29124100,FR,10.0
29147100,FR,10.0
29147900,FR,10.0
29152900,FR,10.0
29181200,FR,10.0
29181500,FR,10.0
29224100,FR,10.0
29225000,FR,10.0
29231000,FR,10.0
29232000,FR,10.0
2930,FR,10.0
2936,FR,10.0
29420000,FR,10.0
3102,FR,10.0
31039000,FR,10.0
31051000,FR,10.0
31053000,FR,10.0
31054000,FR,10.0
35011090,FR,10.0
35019090,FR,10.0
35021190,FR,10.0
35021990,FR,10.0
35022091,FR,10.0
35022099,FR,10.0
35029070,FR,10.0
35029090,FR,10.0
350400,FR,10.0
35051090,FR,10.0
38040000,FR,10.0
050800,FR,10.0
49019900,FR,2.1
4902,FR,2.1
49030000,FR,2.1
49070010,FR,2.1
49111090,FR,2.1
49019900,FR,2.1
4902,FR,2.1
49030000,FR,2.1
49070010,FR,2.1
49111090,FR,2.1
02,FR,5.5
0306,FR,5.5
05040000,FR,5.5
07,FR,5.5
08,FR,5.5
11,FR,5.5
1302,FR,5.5
15,FR,5.5
16,FR,5.5
17,FR,5.5
18,FR,5.5
19,FR,5.5
20,FR,5.5
21,FR,5.5
22,FR,5.5
230700,FR,5.5
23080040,FR,5.5
23080090,FR,5.5
25010091,FR,5.5
29124100,FR,5.5
29232000,FR,5.5
2936,FR,5.5
29389090,FR,5.5
30029050,FR,5.5
30061090,FR,5.5
32041200,FR,5.5
33019090,FR,5.5
35011090,FR,5.5
35019090,FR,5.5
35021190,FR,5.5
35021990,FR,5.5
35022091,FR,5.5
35022099,FR,5.5
35029070,FR,5.5
35029090,FR,5.5
35030010,FR,5.5
350400,FR,5.5
35051090,FR,5.5
38040000,FR,5.5
3825,FR,5.5
39269097,FR,5.5
96020000,FR,5.5
28044000,FR,10.0
28112930,FR,10.0
2941,FR,10.0
30012010,FR,10.0
30019020,FR,10.0
30021200,FR,10.0
300220,FR,10.0
3004,FR,10.0
3005,FR,10.0
30063000,FR,10.0
30066000,FR,10.0
30067000,FR,10.0
30069200,FR,10.0
33019090,FR,10.0
33061000,FR,10.0
34011100,FR,10.0
35030010,FR,10.0
39269097,FR,10.0
63051010,FR,10.0
63052000,FR,10.0
63053900,FR,10.0
63059000,FR,10.0
90189050,FR,10.0
96020000,FR,10.0
30061090,FR,5.5
40141000,FR,5.5
63051010,FR,5.5
63052000,FR,5.5
63053290,FR,5.5
63053900,FR,5.5
63059000,FR,5.5
901831,FR,5.5
90183900,FR,5.5
370400,FR,5.5
370500,FR,5.5
49119100,FR,5.5
37040010,FR,5.5
370500,FR,5.5
48203000,FR,5.5
4901,FR,5.5
4902,FR,5.5
49030000,FR,5.5
49040000,FR,5.5
49059100,FR,5.5
49059900,FR,5.5
49060000,FR,5.5
49111010,FR,5.5
49111090,FR,5.5
49119100,FR,5.5
49119900,FR,5.5
84425000,FR,5.5
85232919,FR,5.5
85234910,FR,5.5
85234920,FR,5.5
85235190,FR,5.5
95030070,FR,5.5
39249000,FR,5.5
961900,FR,5.5
58050000,FR,5.5
9701,FR,5.5
97020000,FR,5.5
97030000,FR,5.5
97040000,FR,5.5
97050000,FR,5.5
97060000,FR,5.5
2941,FR,2.1
30021100,FR,2.1
30021200,FR,2.1
30021300,FR,2.1
30021400,FR,2.1
30021500,FR,2.1
30021900,FR,2.1
300220,FR,2.1
3004,FR,2.1
3005,FR,2.1
30061090,FR,2.1
30062000,FR,2.1
30063000,FR,2.1
30066000,FR,2.1
30067000,FR,2.1
30069200,FR,2.1
63051010,FR,2.1
63052000,FR,2.1
63053290,FR,2.1
63053900,FR,2.1
63059000,FR,2.1
49019900,FR,2.1
4902,FR,2.1
49030000,FR,2.1
49070010,FR,2.1
49111090,FR,2.1
30021500,FR,0.0
38210000,FR,0.0
38220000,FR,0.0
30022010,FR,0.0
901890,FR,0.0
90278080,FR,0.0
,FR,20.0
0201,FI,14.0
0202,FI,14.0
0203,FI,14.0
0204,FI,14.0
020500,FI,14.0
02061095,FI,14.0
02061098,FI,14.0
02062100,FI,14.0
02062200,FI,14.0
02062991,FI,14.0
02062999,FI,14.0
02063000,FI,14.0
02064100,FI,14.0
02064900,FI,14.0
02068091,FI,14.0
02068099,FI,14.0
02069091,FI,14.0
02069099,FI,14.0
0207,FI,14.0
0208,FI,14.0
0209,FI,14.0
0210,FI,14.0
030191,FI,14.0
030192,FI,14.0
03019300,FI,14.0
030194,FI,14.0
03019500,FI,14.0
030199,FI,14.0
0302,FI,14.0
0303,FI,14.0
0304,FI,14.0
0305,FI,14.0
0306,FI,14.0
0307,FI,14.0
0308,FI,14.0
0401,FI,14.0
0402,FI,14.0
0403,FI,14.0
0404,FI,14.0
0405,FI,14.0
0406,FI,14.0
04072100,FI,14.0
040729,FI,14.0
040790,FI,14.0
04081180,FI,14.0
04081981,FI,14.0
04081989,FI,14.0
04089180,FI,14.0
04089980,FI,14.0
04090000,FI,14.0
04100000,FI,14.0
05040000,FI,14.0
06042011,FI,14.0
070190,FI,14.0
07020000,FI,14.0
0703,FI,14.0
0704,FI,14.0
0705,FI,14.0
0706,FI,14.0
070700,FI,14.0
0708,FI,14.0
0709,FI,14.0
0710,FI,14.0
0711,FI,14.0
0712,FI,14.0
0713,FI,14.0
07141000,FI,14.0
07142010,FI,14.0
07143000,FI,14.0
07144000,FI,14.0
07145000,FI,14.0
071490,FI,14.0
08,FI,14.0
09,FI,14.0
10,FI,14.0
11,FI,14.0
1201,FI,14.0
1202,FI,14.0
12030000,FI,14.0
120400,FI,14.0
1205,FI,14.0
120600,FI,14.0
1207,FI,14.0
1208,FI,14.0
1210,FI,14.0
12112000,FI,14.0
1212,FI,14.0
12130000,FI,14.0
1214,FI,14.0
1301,FI,14.0
13021200,FI,14.0
13021300,FI,14.0
130219,FI,14.0
130220,FI,14.0
13023100,FI,14.0
130232,FI,14.0
13023900,FI,14.0
1501,FI,14.0
1502,FI,14.0
150300,FI,14.0
1504,FI,14.0
15060000,FI,14.0
1507,FI,14.0
1508,FI,14.0
1509,FI,14.0
151000,FI,14.0
1511,FI,14.0
1512,FI,14.0
1513,FI,14.0
1514,FI,14.0
15151100,FI,14.0
151519,FI,14.0
151521,FI,14.0
151529,FI,14.0
151530,FI,14.0
151550,FI,14.0
1516,FI,14.0
1517,FI,14.0
15200000,FI,14.0
152190,FI,14.0
15220031,FI,14.0
15220039,FI,14.0
15220091,FI,14.0
16,FI,14.0
17,FI,14.0
18,FI,14.0
19,FI,14.0
20,FI,14.0
21,FI,14.0
2201,FI,14.0
2202,FI,14.0
220900,FI,14.0
2301,FI,14.0
2302,FI,14.0
2303,FI,14.0
23040000,FI,14.0
23050000,FI,14.0
2306,FI,14.0
230800,FI,14.0
2309,FI,14.0
25010091,FI,14.0
250700,FI,14.0
25081000,FI,14.0
25301000,FI,14.0
28012000,FI,14.0
28041000,FI,14.0
28042100,FI,14.0
28042910,FI,14.0
28043000,FI,14.0
28044000,FI,14.0
28049000,FI,14.0
28051100,FI,14.0
28051200,FI,14.0
28061000,FI,14.0
28092000,FI,14.0
281000,FI,14.0
28112100,FI,14.0
28112200,FI,14.0
28112905,FI,14.0
28112930,FI,14.0
28151100,FI,14.0
28152000,FI,14.0
28211000,FI,14.0
28230000,FI,14.0
28272000,FI,14.0
28273100,FI,14.0
28273910,FI,14.0
28321000,FI,14.0
28332200,FI,14.0
28341000,FI,14.0
28364000,FI,14.0
28365000,FI,14.0
28369911,FI,14.0
29012200,FI,14.0
29054300,FI,14.0
290544,FI,14.0
29054500,FI,14.0
29062100,FI,14.0
29151100,FI,14.0
29152100,FI,14.0
29155000,FI,14.0
291560,FI,14.0
29171200,FI,14.0
29181100,FI,14.0
29181200,FI,14.0
29181400,FI,14.0
29181600,FI,14.0
29224100,FI,14.0
29224200,FI,14.0
292249,FI,14.0
29232000,FI,14.0
29251100,FI,14.0
293040,FI,14.0
29309013,FI,14.0
29309016,FI,14.0
29321400,FI,14.0
2936,FI,14.0
330210,FI,14.0
35011090,FI,14.0
350290,FI,14.0
350300,FI,14.0
3507,FI,14.0
29055100,FI,10.0
29055998,FI,10.0
29104000,FI,10.0
29146200,FI,10.0
29146980,FI,10.0
29214600,FI,10.0
29221400,FI,10.0
29221900,FI,10.0
29223100,FI,10.0
29223900,FI,10.0
29224400,FI,10.0
29241100,FI,10.0
29242400,FI,10.0
29251200,FI,10.0
29251995,FI,10.0
29263000,FI,10.0
29269070,FI,10.0
29304010,FI,10.0
29304090,FI,10.0
29307000,FI,10.0
29331110,FI,10.0
29331910,FI,10.0
29333300,FI,10.0
29334100,FI,10.0
29334930,FI,10.0
293353,FI,10.0
29335500,FI,10.0
29336940,FI,10.0
29337200,FI,10.0
29337900,FI,10.0
293391,FI,10.0
29339920,FI,10.0
293430,FI,10.0
29349100,FI,10.0
29349960,FI,10.0
2937,FI,10.0
29389010,FI,10.0
29391100,FI,10.0
29391900,FI,10.0
29394100,FI,10.0
29394200,FI,10.0
29394300,FI,10.0
29394400,FI,10.0
29394900,FI,10.0
29395100,FI,10.0
29395900,FI,10.0
29396100,FI,10.0
29396200,FI,10.0
29397100,FI,10.0
293979,FI,10.0
29398000,FI,10.0
2941,FI,10.0
3001,FI,10.0
30021300,FI,10.0
30021400,FI,10.0
30021500,FI,10.0
300220,FI,10.0
30023000,FI,10.0
30029030,FI,10.0
30029050,FI,10.0
30029090,FI,10.0
3003,FI,10.0
3004,FI,10.0
30063000,FI,10.0
30066000,FI,10.0
33049900,FI,10.0
4901,FI,10.0
4902,FI,10.0
49030000,FI,10.0
49040000,FI,10.0
49059100,FI,10.0
49060000,FI,10.0
49119100,FI,10.0
58050000,FI,10.0
6304,FI,10.0
9701,FI,10.0
97020000,FI,10.0
97030000,FI,10.0
97030000,FI,10.0
,FI,24.0
01064100,AT,10.0
02,AT,10.0
03,AT,10.0
04,AT,10.0
05119939,AT,10.0
0701,AT,10.0
07020000,AT,10.0
0703,AT,10.0
0704,AT,10.0
0705,AT,10.0
0706,AT,10.0
0708,AT,10.0
0709,AT,10.0
0710,AT,10.0
0711,AT,10.0
0712,AT,10.0
0713,AT,10.0
0714,AT,10.0
0801,AT,10.0
0802,AT,10.0
0803,AT,10.0
0804,AT,10.0
0805,AT,10.0
0806,AT,10.0
0807,AT,10.0
0809,AT,10.0
0810,AT,10.0
0811,AT,10.0
0812,AT,10.0
0813,AT,10.0
0904,AT,10.0
0905,AT,10.0
0906,AT,10.0
0907,AT,10.0
0908,AT,10.0
0909,AT,10.0
0910,AT,10.0
10,AT,10.0
110100,AT,10.0
1102,AT,10.0
1103,AT,10.0
1104,AT,10.0
1105,AT,10.0
11061000,AT,10.0
110630,AT,10.0
11081100,AT,10.0
11081200,AT,10.0
11081300,AT,10.0
1201,AT,10.0
1202,AT,10.0
12030000,AT,10.0
120400,AT,10.0
1205,AT,10.0
120600,AT,10.0
1207,AT,10.0
1208,AT,10.0
1210,AT,10.0
12119086,AT,10.0
12129120,AT,10.0
12129180,AT,10.0
12129200,AT,10.0
12129400,AT,10.0
121299,AT,10.0
12129941,AT,10.0
12130000,AT,10.0
130220,AT,10.0
15011090,AT,10.0
15019000,AT,10.0
15021090,AT,10.0
15030090,AT,10.0
15071090,AT,10.0
15079090,AT,10.0
15081090,AT,10.0
15089090,AT,10.0
1509,AT,10.0
151000,AT,10.0
15111090,AT,10.0
15119011,AT,10.0
15119019,AT,10.0
15119099,AT,10.0
15121191,AT,10.0
15121199,AT,10.0
15121990,AT,10.0
15122190,AT,10.0
15122990,AT,10.0
15131191,AT,10.0
15131199,AT,10.0
15131911,AT,10.0
15131919,AT,10.0
15131991,AT,10.0
15131999,AT,10.0
15132130,AT,10.0
15132190,AT,10.0
15132911,AT,10.0
15132919,AT,10.0
15132950,AT,10.0
15132990,AT,10.0
15141190,AT,10.0
15141990,AT,10.0
15149190,AT,10.0
15149990,AT,10.0
15151100,AT,10.0
15151990,AT,10.0
15152190,AT,10.0
15152990,AT,10.0
15153090,AT,10.0
15155019,AT,10.0
15155099,AT,10.0
15159011,AT,10.0
15159029,AT,10.0
15159039,AT,10.0
15159051,AT,10.0
15159059,AT,10.0
15159091,AT,10.0
15159099,AT,10.0
151610,AT,10.0
15161090,AT,10.0
151620,AT,10.0
151710,AT,10.0
15179091,AT,10.0
15179099,AT,10.0
16,AT,10.0
17,AT,10.0
18050000,AT,10.0
1806,AT,10.0
19,AT,10.0
2001,AT,10.0
2002,AT,10.0
2003,AT,10.0
2004,AT,10.0
2005,AT,10.0
200600,AT,10.0
2007,AT,10.0
2008,AT,10.0
210130,AT,10.0
2102,AT,10.0
2103,AT,10.0
2104,AT,10.0
210500,AT,10.0
2106,AT,10.0
220900,AT,10.0
25010091,AT,10.0
28362000,AT,10.0
28369917,AT,10.0
29151100,AT,10.0
32021000,AT,10.0
35030010,AT,10.0
350790,AT,10.0
38249992,AT,10.0
38249993,AT,10.0
39249000,AT,10.0
40149000,AT,10.0
01012910,AT,13.0
01013000,AT,13.0
01019000,AT,13.0
0102,AT,13.0
0103,AT,13.0
0104,AT,13.0
0105,AT,13.0
0601,AT,13.0
0602,AT,13.0
0603,AT,13.0
060420,AT,13.0
1209,AT,13.0
1214,AT,13.0
23,AT,13.0
31010000,AT,13.0
4401,AT,13.0
0101,AT,13.0
01012910,AT,13.0
01013000,AT,13.0
01019000,AT,13.0
0102,AT,13.0
0103,AT,13.0
0104,AT,13.0
0105,AT,13.0
0601,AT,13.0
0602,AT,13.0
0603,AT,13.0
060420,AT,13.0
1209,AT,13.0
1214,AT,13.0
23,AT,13.0
31010000,AT,13.0
4401,AT,13.0
22019000,AT,10.0
4901,AT,10.0
4902,AT,10.0
49030000,AT,10.0
49040000,AT,10.0
4905,AT,10.0
4902,AT,10.0
4902,AT,10.0
961900,AT,10.0
58050000,AT,13.0
6304,AT,13.0
9701,AT,13.0
97020000,AT,13.0
97030000,AT,13.0
97040000,AT,13.0
97050000,AT,13.0
97060000,AT,13.0
,AT,20.0
07101000,IT,4.0
07102100,IT,4.0
07102200,IT,4.0
07102900,IT,4.0
07103000,IT,4.0
07104000,IT,4.0
07108010,IT,4.0
07108051,IT,4.0
07108061,IT,4.0
07108069,IT,4.0
07108070,IT,4.0
07108080,IT,4.0
07108085,IT,4.0
07109000,IT,4.0
07101000,IT,4.0
07102100,IT,4.0
07102200,IT,4.0
07102900,IT,4.0
07103000,IT,4.0
07104000,IT,4.0
07108010,IT,4.0
07108051,IT,4.0
07108061,IT,4.0
07108069,IT,4.0
07108070,IT,4.0
07108080,IT,4.0
07108085,IT,4.0
07109000,IT,4.0
07101000,IT,4.0
07102100,IT,4.0
07102200,IT,4.0
07102900,IT,4.0
07103000,IT,4.0
07104000,IT,4.0
07108010,IT,4.0
07108051,IT,4.0
07108061,IT,4.0
07108069,IT,4.0
07108070,IT,4.0
07108080,IT,4.0
07108085,IT,4.0
07109000,IT,4.0
0701,IT,4.0
07020000,IT,4.0
0703,IT,4.0
0704,IT,4.0
0705,IT,4.0
0706,IT,4.0
070700,IT,4.0
0708,IT,4.0
07092000,IT,4.0
07094000,IT,4.0
07095100,IT,4.0
070959,IT,4.0
07096010,IT,4.0
07097000,IT,4.0
07099100,IT,4.0
070992,IT,4.0
070993,IT,4.0
070999,IT,4.0
071120,IT,4.0
07114000,IT,4.0
07115100,IT,4.0
07119030,IT,4.0
07119050,IT,4.0
07119070,IT,4.0
07119080,IT,4.0
07122000,IT,4.0
07123100,IT,4.0
07123200,IT,4.0
07123300,IT,4.0
07123900,IT,4.0
07129005,IT,4.0
07129011,IT,4.0
07129019,IT,4.0
07129030,IT,4.0
07129050,IT,4.0
07095200,IT,4.0
07095300,IT,4.0
07095400,IT,4.0
07095500,IT,4.0
0701,IT,4.0
07020000,IT,4.0
0703,IT,4.0
0704,IT,4.0
0705,IT,4.0
0706,IT,4.0
070700,IT,4.0
0708,IT,4.0
07092000,IT,4.0
07094000,IT,4.0
07095100,IT,4.0
070959,IT,4.0
07096010,IT,4.0
07097000,IT,4.0
07099100,IT,4.0
070992,IT,4.0
070993,IT,4.0
070999,IT,4.0
071120,IT,4.0
07114000,IT,4.0
07115100,IT,4.0
07119030,IT,4.0
07119050,IT,4.0
07119070,IT,4.0
07119080,IT,4.0
07122000,IT,4.0
07123100,IT,4.0
07123200,IT,4.0
07123300,IT,4.0
07123900,IT,4.0
07129005,IT,4.0
07129011,IT,4.0
07129019,IT,4.0
07129030,IT,4.0
07129050,IT,4.0
07095200,IT,4.0
07095300,IT,4.0
07095400,IT,4.0
07095500,IT,4.0
1001,IT,4.0
1002,IT,4.0
10039000,IT,4.0
10049000,IT,4.0
100610,IT,4.0
100620,IT,4.0
100630,IT,4.0
10064000,IT,4.0
10079000,IT,4.0
10081000,IT,4.0
10082900,IT,4.0
10083000,IT,4.0
10084000,IT,4.0
10085000,IT,4.0
10086000,IT,4.0
10089000,IT,4.0
100620,IT,4.0
100630,IT,4.0
10064000,IT,4.0
11041210,IT,4.0
11041910,IT,4.0
11041930,IT,4.0
11041950,IT,4.0
11041961,IT,4.0
11041999,IT,4.0
11042295,IT,4.0
11042398,IT,4.0
11042908,IT,4.0
11042951,IT,4.0
11042955,IT,4.0
11042959,IT,4.0
1001,IT,4.0
1002,IT,4.0
10039000,IT,4.0
10049000,IT,4.0
100610,IT,4.0
100620,IT,4.0
100630,IT,4.0
10064000,IT,4.0
10079000,IT,4.0
10081000,IT,4.0
10082900,IT,4.0
10083000,IT,4.0
10084000,IT,4.0
10085000,IT,4.0
10086000,IT,4.0
10089000,IT,4.0
100620,IT,4.0
100630,IT,4.0
10064000,IT,4.0
11041210,IT,4.0
11041910,IT,4.0
11041930,IT,4.0
11041950,IT,4.0
11041961,IT,4.0
11041999,IT,4.0
11042295,IT,4.0
11042398,IT,4.0
11042908,IT,4.0
11042951,IT,4.0
11042955,IT,4.0
11042959,IT,4.0
1001,IT,4.0
1002,IT,4.0
10039000,IT,4.0
10049000,IT,4.0
100610,IT,4.0
100620,IT,4.0
100630,IT,4.0
10064000,IT,4.0
10079000,IT,4.0
10081000,IT,4.0
10082900,IT,4.0
10083000,IT,4.0
10084000,IT,4.0
10085000,IT,4.0
10086000,IT,4.0
10089000,IT,4.0
100620,IT,4.0
100630,IT,4.0
10064000,IT,4.0
11041210,IT,4.0
11041910,IT,4.0
11041930,IT,4.0
11041950,IT,4.0
11041961,IT,4.0
11041999,IT,4.0
11042295,IT,4.0
11042398,IT,4.0
11042908,IT,4.0
11042951,IT,4.0
11042955,IT,4.0
11042959,IT,4.0
0701,IT,4.0
07020000,IT,4.0
0703,IT,4.0
0704,IT,4.0
0705,IT,4.0
0706,IT,4.0
070700,IT,4.0
0708,IT,4.0
07092000,IT,4.0
07094000,IT,4.0
07095100,IT,4.0
070959,IT,4.0
07096010,IT,4.0
07097000,IT,4.0
07099100,IT,4.0
070992,IT,4.0
070993,IT,4.0
070999,IT,4.0
071120,IT,4.0
07114000,IT,4.0
07115100,IT,4.0
07119030,IT,4.0
07119050,IT,4.0
07119070,IT,4.0
07119080,IT,4.0
07122000,IT,4.0
07123100,IT,4.0
07123200,IT,4.0
07123300,IT,4.0
07123900,IT,4.0
07129005,IT,4.0
07129011,IT,4.0
07129019,IT,4.0
07129030,IT,4.0
07129050,IT,4.0
07095200,IT,4.0
07095300,IT,4.0
07095400,IT,4.0
07095500,IT,4.0
15071090,IT,4.0
15079090,IT,4.0
15081090,IT,4.0
15089090,IT,4.0
1509,IT,4.0
151000,IT,4.0
15111090,IT,4.0
15119099,IT,4.0
15121191,IT,4.0
15121199,IT,4.0
15121990,IT,4.0
15122190,IT,4.0
15122990,IT,4.0
15131191,IT,4.0
15131199,IT,4.0
15131911,IT,4.0
15131919,IT,4.0
15131991,IT,4.0
15131999,IT,4.0
15132130,IT,4.0
15132190,IT,4.0
15132911,IT,4.0
15132919,IT,4.0
15132950,IT,4.0
15132990,IT,4.0
15141190,IT,4.0
15141990,IT,4.0
15149190,IT,4.0
15149990,IT,4.0
15151100,IT,4.0
15151990,IT,4.0
15152190,IT,4.0
15152990,IT,4.0
15153090,IT,4.0
15155019,IT,4.0
15155099,IT,4.0
15159011,IT,4.0
15159029,IT,4.0
15159039,IT,4.0
15159051,IT,4.0
15159059,IT,4.0
15159091,IT,4.0
15159099,IT,4.0
15179091,IT,4.0
15156051,IT,4.0
15156059,IT,4.0
15156091,IT,4.0
15156099,IT,4.0
15071090,IT,4.0
15079090,IT,4.0
15081090,IT,4.0
15089090,IT,4.0
1509,IT,4.0
151000,IT,4.0
15111090,IT,4.0
15119099,IT,4.0
15121191,IT,4.0
15121199,IT,4.0
15121990,IT,4.0
15122190,IT,4.0
15122990,IT,4.0
15131191,IT,4.0
15131199,IT,4.0
15131911,IT,4.0
15131919,IT,4.0
15131991,IT,4.0
15131999,IT,4.0
15132130,IT,4.0
15132190,IT,4.0
15132911,IT,4.0
15132919,IT,4.0
15132950,IT,4.0
15132990,IT,4.0
15141190,IT,4.0
15141990,IT,4.0
15149190,IT,4.0
15149990,IT,4.0
15151100,IT,4.0
15151990,IT,4.0
15152190,IT,4.0
15152990,IT,4.0
15153090,IT,4.0
15155019,IT,4.0
15155099,IT,4.0
15159011,IT,4.0
15159029,IT,4.0
15159039,IT,4.0
15159051,IT,4.0
15159059,IT,4.0
15159091,IT,4.0
15159099,IT,4.0
15179091,IT,4.0
15156051,IT,4.0
15156059,IT,4.0
15156091,IT,4.0
15156099,IT,4.0
15071090,IT,4.0
15079090,IT,4.0
15081090,IT,4.0
15089090,IT,4.0
1509,IT,4.0
151000,IT,4.0
15111090,IT,4.0
15119099,IT,4.0
15121191,IT,4.0
15121199,IT,4.0
15121990,IT,4.0
15122190,IT,4.0
15122990,IT,4.0
15131191,IT,4.0
15131199,IT,4.0
15131911,IT,4.0
15131919,IT,4.0
15131991,IT,4.0
15131999,IT,4.0
15132130,IT,4.0
15132190,IT,4.0
15132911,IT,4.0
15132919,IT,4.0
15132950,IT,4.0
15132990,IT,4.0
15141190,IT,4.0
15141990,IT,4.0
15149190,IT,4.0
15149990,IT,4.0
15151100,IT,4.0
15151990,IT,4.0
15152190,IT,4.0
15152990,IT,4.0
15153090,IT,4.0
15155019,IT,4.0
15155099,IT,4.0
15159011,IT,4.0
15159029,IT,4.0
15159039,IT,4.0
15159051,IT,4.0
15159059,IT,4.0
15159091,IT,4.0
15159099,IT,4.0
15179091,IT,4.0
15156051,IT,4.0
15156059,IT,4.0
15156091,IT,4.0
15156099,IT,4.0
12019000,IT,4.0
12024100,IT,4.0
12024200,IT,4.0
12030000,IT,4.0
12051090,IT,4.0
12059000,IT,4.0
12060091,IT,4.0
12060099,IT,4.0
12071000,IT,4.0
12072900,IT,4.0
12074090,IT,4.0
12075090,IT,4.0
12076000,IT,4.0
12077000,IT,4.0
12079190,IT,4.0
12079991,IT,4.0
12079996,IT,4.0
30029090,IT,0.0
38210000,IT,0.0
901890,IT,0.0
902789,IT,0.0
30029090,IT,0.0
38210000,IT,0.0
901890,IT,0.0
902789,IT,0.0
30029090,IT,0.0
38210000,IT,0.0
901890,IT,0.0
902789,IT,0.0
30024110,IT,0.0
30024110,IT,0.0
30024110,IT,0.0
90278990,IT,0.0
90278990,IT,0.0
90278990,IT,0.0
04011010,IT,4.0
04012011,IT,4.0
04012091,IT,4.0
04011010,IT,4.0
04012011,IT,4.0
04012091,IT,4.0
04011010,IT,4.0
04012011,IT,4.0
04012091,IT,4.0
040510,IT,4.0
040590,IT,4.0
0406,IT,4.0
040510,IT,4.0
040590,IT,4.0
0406,IT,4.0
040510,IT,4.0
040590,IT,4.0
0406,IT,4.0
110100,IT,4.0
110220,IT,4.0
11029010,IT,4.0
11029030,IT,4.0
11029050,IT,4.0
11029070,IT,4.0
11029090,IT,4.0
110311,IT,4.0
110313,IT,4.0
110100,IT,4.0
110220,IT,4.0
11029010,IT,4.0
11029030,IT,4.0
11029050,IT,4.0
11029070,IT,4.0
11029090,IT,4.0
110311,IT,4.0
110313,IT,4.0
110100,IT,4.0
110220,IT,4.0
11029010,IT,4.0
11029030,IT,4.0
11029050,IT,4.0
11029070,IT,4.0
11029090,IT,4.0
110311,IT,4.0
110313,IT,4.0
0713,IT,4.0
0713,IT,4.0
0713,IT,4.0
0801,IT,4.0
0802,IT,4.0
0803,IT,4.0
0804,IT,4.0
0805,IT,4.0
080620,IT,4.0
0807,IT,4.0
0808,IT,4.0
0809,IT,4.0
0810,IT,4.0
08111090,IT,4.0
08112031,IT,4.0
08112039,IT,4.0
08112051,IT,4.0
08112059,IT,4.0
08112090,IT,4.0
08119050,IT,4.0
08119070,IT,4.0
08119075,IT,4.0
08119080,IT,4.0
08119085,IT,4.0
08119095,IT,4.0
0812,IT,4.0
0813,IT,4.0
0801,IT,4.0
0802,IT,4.0
0803,IT,4.0
0804,IT,4.0
0805,IT,4.0
080620,IT,4.0
0807,IT,4.0
0808,IT,4.0
0809,IT,4.0
0810,IT,4.0
08111090,IT,4.0
08112031,IT,4.0
08112039,IT,4.0
08112051,IT,4.0
08112059,IT,4.0
08112090,IT,4.0
08119050,IT,4.0
08119070,IT,4.0
08119075,IT,4.0
08119080,IT,4.0
08119085,IT,4.0
08119095,IT,4.0
0812,IT,4.0
0813,IT,4.0
0801,IT,4.0
0802,IT,4.0
0803,IT,4.0
0804,IT,4.0
0805,IT,4.0
080620,IT,4.0
0807,IT,4.0
0808,IT,4.0
0809,IT,4.0
0810,IT,4.0
08111090,IT,4.0
08112031,IT,4.0
08112039,IT,4.0
08112051,IT,4.0
08112059,IT,4.0
08112090,IT,4.0
08119050,IT,4.0
08119070,IT,4.0
08119075,IT,4.0
08119080,IT,4.0
08119085,IT,4.0
08119095,IT,4.0
0812,IT,4.0
0813,IT,4.0
11043090,IT,4.0
11043090,IT,4.0
11043090,IT,4.0
12019000,IT,4.0
12024100,IT,4.0
12024200,IT,4.0
12030000,IT,4.0
12051090,IT,4.0
12059000,IT,4.0
12060091,IT,4.0
12060099,IT,4.0
12071000,IT,4.0
12072900,IT,4.0
12074090,IT,4.0
12075090,IT,4.0
12076000,IT,4.0
12077000,IT,4.0
12079190,IT,4.0
12079991,IT,4.0
12079996,IT,4.0
12019000,IT,4.0
12024100,IT,4.0
12024200,IT,4.0
12030000,IT,4.0
12051090,IT,4.0
12059000,IT,4.0
12060091,IT,4.0
12060099,IT,4.0
12071000,IT,4.0
12072900,IT,4.0
12074090,IT,4.0
12075090,IT,4.0
12076000,IT,4.0
12077000,IT,4.0
12079190,IT,4.0
12079991,IT,4.0
12079996,IT,4.0
34011100,IT,5.0
8415,IT,5.0
84798997,IT,5.0
85098000,IT,5.0
85285291,IT,5.0
85285299,IT,5.0
85285900,IT,5.0
85437090,IT,5.0
90181100,IT,5.0
90181200,IT,5.0
90181910,IT,5.0
90181990,IT,5.0
90184990,IT,5.0
901890,IT,5.0
90189050,IT,5.0
90189060,IT,5.0
90189084,IT,5.0
90221200,IT,5.0
90192010,IT,5.0
90192020,IT,5.0
90192090,IT,5.0
34011100,IT,5.0
8415,IT,5.0
84798997,IT,5.0
85098000,IT,5.0
85285291,IT,5.0
85285299,IT,5.0
85285900,IT,5.0
85437090,IT,5.0
90181100,IT,5.0
90181200,IT,5.0
90181910,IT,5.0
90181990,IT,5.0
90184990,IT,5.0
901890,IT,5.0
90189050,IT,5.0
90189060,IT,5.0
90189084,IT,5.0
90221200,IT,5.0
90192010,IT,5.0
90192020,IT,5.0
90192090,IT,5.0
34011100,IT,5.0
8415,IT,5.0
84798997,IT,5.0
85098000,IT,5.0
85285291,IT,5.0
85285299,IT,5.0
85285900,IT,5.0
85437090,IT,5.0
90181100,IT,5.0
90181200,IT,5.0
90181910,IT,5.0
90181990,IT,5.0
90184990,IT,5.0
901890,IT,5.0
90189050,IT,5.0
90189060,IT,5.0
90189084,IT,5.0
90221200,IT,5.0
90192010,IT,5.0
90192020,IT,5.0
90192090,IT,5.0
23080040,IT,4.0
23080090,IT,4.0
230990,IT,4.0
23080040,IT,4.0
23080090,IT,4.0
230990,IT,4.0
28043000,IT,4.0
28044000,IT,4.0
90189030,IT,4.0
28043000,IT,4.0
28044000,IT,4.0
90189030,IT,4.0
28043000,IT,4.0
28044000,IT,4.0
90189030,IT,4.0
31010000,IT,4.0
3102,IT,4.0
3103,IT,4.0
3104,IT,4.0
3105,IT,4.0
31010000,IT,4.0
3102,IT,4.0
3103,IT,4.0
3104,IT,4.0
3105,IT,4.0
31010000,IT,4.0
3102,IT,4.0
3103,IT,4.0
3104,IT,4.0
3105,IT,4.0
90013000,IT,4.0
90014020,IT,4.0
90014041,IT,4.0
90014049,IT,4.0
90014080,IT,4.0
90015041,IT,4.0
90015049,IT,4.0
90015080,IT,4.0
90019000,IT,4.0
9004,IT,4.0
940421,IT,4.0
940429,IT,4.0
90013000,IT,4.0
90014020,IT,4.0
90014041,IT,4.0
90014049,IT,4.0
90014080,IT,4.0
90015041,IT,4.0
90015049,IT,4.0
90015080,IT,4.0
90019000,IT,4.0
9004,IT,4.0
940421,IT,4.0
940429,IT,4.0
90013000,IT,4.0
90014020,IT,4.0
90014041,IT,4.0
90014049,IT,4.0
90014080,IT,4.0
90015041,IT,4.0
90015049,IT,4.0
90015080,IT,4.0
90019000,IT,4.0
9004,IT,4.0
940421,IT,4.0
940429,IT,4.0
22071000,IT,5.0
22072000,IT,5.0
22089091,IT,5.0
22089099,IT,5.0
28470000,IT,5.0
34011900,IT,5.0
34012010,IT,5.0
34012090,IT,5.0
34013000,IT,5.0
34021200,IT,5.0
380894,IT,5.0
39262000,IT,5.0
39269097,IT,5.0
40151100,IT,5.0
40151900,IT,5.0
40169997,IT,5.0
48189010,IT,5.0
621010,IT,5.0
62102000,IT,5.0
62103000,IT,5.0
62104000,IT,5.0
62105000,IT,5.0
621132,IT,5.0
621133,IT,5.0
62113900,IT,5.0
621142,IT,5.0
621143,IT,5.0
62114900,IT,5.0
65050030,IT,5.0
65050090,IT,5.0
6506,IT,5.0
84798997,IT,5.0
87139000,IT,5.0
90049010,IT,5.0
90049090,IT,5.0
90251120,IT,5.0
90251180,IT,5.0
902519,IT,5.0
902780,IT,5.0
94029000,IT,5.0
39269060,IT,5.0
22071000,IT,5.0
22072000,IT,5.0
22089091,IT,5.0
22089099,IT,5.0
28470000,IT,5.0
34011900,IT,5.0
34012010,IT,5.0
34012090,IT,5.0
34013000,IT,5.0
34021200,IT,5.0
380894,IT,5.0
39262000,IT,5.0
39269097,IT,5.0
40151100,IT,5.0
40151900,IT,5.0
40169997,IT,5.0
48189010,IT,5.0
621010,IT,5.0
62102000,IT,5.0
62103000,IT,5.0
62104000,IT,5.0
62105000,IT,5.0
621132,IT,5.0
621133,IT,5.0
62113900,IT,5.0
621142,IT,5.0
621143,IT,5.0
62114900,IT,5.0
65050030,IT,5.0
65050090,IT,5.0
6506,IT,5.0
84798997,IT,5.0
87139000,IT,5.0
90049010,IT,5.0
90049090,IT,5.0
90251120,IT,5.0
90251180,IT,5.0
902519,IT,5.0
902780,IT,5.0
94029000,IT,5.0
39269060,IT,5.0
22071000,IT,5.0
22072000,IT,5.0
22089091,IT,5.0
22089099,IT,5.0
28470000,IT,5.0
34011900,IT,5.0
34012010,IT,5.0
34012090,IT,5.0
34013000,IT,5.0
34021200,IT,5.0
380894,IT,5.0
39262000,IT,5.0
39269097,IT,5.0
40151100,IT,5.0
40151900,IT,5.0
40169997,IT,5.0
48189010,IT,5.0
621010,IT,5.0
62102000,IT,5.0
62103000,IT,5.0
62104000,IT,5.0
62105000,IT,5.0
621132,IT,5.0
621133,IT,5.0
62113900,IT,5.0
621142,IT,5.0
621143,IT,5.0
62114900,IT,5.0
65050030,IT,5.0
65050090,IT,5.0
6506,IT,5.0
84798997,IT,5.0
87139000,IT,5.0
90049010,IT,5.0
90049090,IT,5.0
90251120,IT,5.0
90251180,IT,5.0
902519,IT,5.0
902780,IT,5.0
94029000,IT,5.0
39269060,IT,5.0
30059010,IT,5.0
30059099,IT,5.0
39269097,IT,5.0
63062200,IT,5.0
63062900,IT,5.0
70171000,IT,5.0
70172000,IT,5.0
70179000,IT,5.0
94029000,IT,5.0
30059010,IT,5.0
30059099,IT,5.0
39269097,IT,5.0
63062200,IT,5.0
63062900,IT,5.0
70171000,IT,5.0
70172000,IT,5.0
70179000,IT,5.0
94029000,IT,5.0
30059010,IT,5.0
30059099,IT,5.0
39269097,IT,5.0
63062200,IT,5.0
63062900,IT,5.0
70171000,IT,5.0
70172000,IT,5.0
70179000,IT,5.0
94029000,IT,5.0
40149000,IT,5.0
96190030,IT,5.0
96190040,IT,5.0
96190071,IT,5.0
96190075,IT,5.0
40149000,IT,5.0
96190030,IT,5.0
96190040,IT,5.0
96190071,IT,5.0
96190075,IT,5.0
48010000,IT,4.0
48022000,IT,4.0
48025400,IT,4.0
480255,IT,4.0
480256,IT,4.0
48025700,IT,4.0
480258,IT,4.0
480261,IT,4.0
48026200,IT,4.0
48026900,IT,4.0
480411,IT,4.0
480419,IT,4.0
48059100,IT,4.0
4806,IT,4.0
4809,IT,4.0
48101300,IT,4.0
48101400,IT,4.0
48101900,IT,4.0
48102200,IT,4.0
481029,IT,4.0
48109980,IT,4.0
481141,IT,4.0
48114900,IT,4.0
48119000,IT,4.0
4816,IT,4.0
4817,IT,4.0
48194000,IT,4.0
48196000,IT,4.0
4901,IT,4.0
4902,IT,4.0
49030000,IT,4.0
49040000,IT,4.0
49051000,IT,4.0
4908,IT,4.0
49090000,IT,4.0
49100000,IT,4.0
4911,IT,4.0
49052000,IT,4.0
49059000,IT,4.0
48010000,IT,4.0
48022000,IT,4.0
48025400,IT,4.0
480255,IT,4.0
480256,IT,4.0
48025700,IT,4.0
480258,IT,4.0
480261,IT,4.0
48026200,IT,4.0
48026900,IT,4.0
480411,IT,4.0
480419,IT,4.0
48059100,IT,4.0
4806,IT,4.0
4809,IT,4.0
48101300,IT,4.0
48101400,IT,4.0
48101900,IT,4.0
48102200,IT,4.0
481029,IT,4.0
48109980,IT,4.0
481141,IT,4.0
48114900,IT,4.0
48119000,IT,4.0
4816,IT,4.0
4817,IT,4.0
48194000,IT,4.0
48196000,IT,4.0
4901,IT,4.0
4902,IT,4.0
49030000,IT,4.0
49040000,IT,4.0
49051000,IT,4.0
4908,IT,4.0
49090000,IT,4.0
49100000,IT,4.0
4911,IT,4.0
49052000,IT,4.0
49059000,IT,4.0
40149000,IT,5.0
96190030,IT,5.0
96190040,IT,5.0
96190071,IT,5.0
96190075,IT,5.0
48010000,IT,4.0
48022000,IT,4.0
48025400,IT,4.0
480255,IT,4.0
480256,IT,4.0
48025700,IT,4.0
480258,IT,4.0
480261,IT,4.0
48026200,IT,4.0
48026900,IT,4.0
480411,IT,4.0
480419,IT,4.0
48059100,IT,4.0
4806,IT,4.0
4809,IT,4.0
48101300,IT,4.0
48101400,IT,4.0
48101900,IT,4.0
48102200,IT,4.0
481029,IT,4.0
48109980,IT,4.0
481141,IT,4.0
48114900,IT,4.0
48119000,IT,4.0
4816,IT,4.0
4817,IT,4.0
48194000,IT,4.0
48196000,IT,4.0
4901,IT,4.0
4902,IT,4.0
49030000,IT,4.0
49040000,IT,4.0
49051000,IT,4.0
4908,IT,4.0
49090000,IT,4.0
49100000,IT,4.0
4911,IT,4.0
49052000,IT,4.0
49059000,IT,4.0
9021,IT,4.0
9021,IT,4.0
9021,IT,4.0
01012910,IT,10.0
01013000,IT,10.0
01019000,IT,10.0
01012910,IT,10.0
01013000,IT,10.0
01019000,IT,10.0
01012910,IT,10.0
01013000,IT,10.0
01019000,IT,10.0
0102,IT,10.0
0103,IT,10.0
0104,IT,10.0
0102,IT,10.0
0103,IT,10.0
0104,IT,10.0
0102,IT,10.0
0103,IT,10.0
0104,IT,10.0
0105,IT,10.0
0105,IT,10.0
0105,IT,10.0
01061100,IT,10.0
01061200,IT,10.0
01061300,IT,10.0
010614,IT,10.0
01061900,IT,10.0
01062000,IT,10.0
01063100,IT,10.0
01063300,IT,10.0
010639,IT,10.0
01064900,IT,10.0
01069000,IT,10.0
01061100,IT,10.0
01061200,IT,10.0
01061300,IT,10.0
010614,IT,10.0
01061900,IT,10.0
01062000,IT,10.0
01063100,IT,10.0
01063300,IT,10.0
010639,IT,10.0
01064900,IT,10.0
01069000,IT,10.0
01061100,IT,10.0
01061200,IT,10.0
01061300,IT,10.0
010614,IT,10.0
01061900,IT,10.0
01062000,IT,10.0
01063100,IT,10.0
01063300,IT,10.0
010639,IT,10.0
01064900,IT,10.0
01069000,IT,10.0
07095600,IT,5.0
07095600,IT,5.0
07095600,IT,5.0
15171090,IT,4.0
15171090,IT,4.0
15171090,IT,4.0
19021100,IT,4.0
190219,IT,4.0
190230,IT,4.0
19024010,IT,4.0
19051000,IT,4.0
190540,IT,4.0
19059010,IT,4.0
19059030,IT,4.0
19021100,IT,4.0
190219,IT,4.0
190230,IT,4.0
19024010,IT,4.0
19051000,IT,4.0
190540,IT,4.0
19059010,IT,4.0
19059030,IT,4.0
19021100,IT,4.0
190219,IT,4.0
190230,IT,4.0
19024010,IT,4.0
19051000,IT,4.0
190540,IT,4.0
19059010,IT,4.0
19059030,IT,4.0
2002,IT,4.0
20057000,IT,4.0
2002,IT,4.0
20057000,IT,4.0
2002,IT,4.0
20057000,IT,4.0
2302,IT,4.0
2302,IT,4.0
2302,IT,4.0
23080040,IT,4.0
23080090,IT,4.0
230990,IT,4.0
030191,IT,10.0
030192,IT,10.0
03019300,IT,10.0
030194,IT,10.0
03019500,IT,10.0
0302,IT,10.0
0303,IT,10.0
0304,IT,10.0
03053100,IT,10.0
030532,IT,10.0
030539,IT,10.0
03054100,IT,10.0
03054200,IT,10.0
03054300,IT,10.0
030544,IT,10.0
030549,IT,10.0
030551,IT,10.0
03055200,IT,10.0
030553,IT,10.0
030554,IT,10.0
030559,IT,10.0
03056100,IT,10.0
03056200,IT,10.0
03056300,IT,10.0
03056400,IT,10.0
030569,IT,10.0
030614,IT,10.0
03061500,IT,10.0
030616,IT,10.0
030617,IT,10.0
030619,IT,10.0
030633,IT,10.0
03063400,IT,10.0
030635,IT,10.0
030636,IT,10.0
03063910,IT,10.0
030693,IT,10.0
03069400,IT,10.0
030695,IT,10.0
03069910,IT,10.0
030722,IT,10.0
03072900,IT,10.0
030731,IT,10.0
030732,IT,10.0
030739,IT,10.0
030742,IT,10.0
030743,IT,10.0
030749,IT,10.0
03075100,IT,10.0
03075200,IT,10.0
03075900,IT,10.0
03076000,IT,10.0
03077100,IT,10.0
030772,IT,10.0
03077900,IT,10.0
03078100,IT,10.0
03078200,IT,10.0
03078300,IT,10.0
03078400,IT,10.0
03078700,IT,10.0
03078800,IT,10.0
03079200,IT,10.0
03079900,IT,10.0
03072110,IT,10.0
03072190,IT,10.0
03091000,IT,10.0
03099000,IT,10.0
030191,IT,10.0
030192,IT,10.0
03019300,IT,10.0
030194,IT,10.0
03019500,IT,10.0
0302,IT,10.0
0303,IT,10.0
0304,IT,10.0
03053100,IT,10.0
030532,IT,10.0
030539,IT,10.0
03054100,IT,10.0
03054200,IT,10.0
03054300,IT,10.0
030544,IT,10.0
030549,IT,10.0
030551,IT,10.0
03055200,IT,10.0
030553,IT,10.0
030554,IT,10.0
030559,IT,10.0
03056100,IT,10.0
03056200,IT,10.0
03056300,IT,10.0
03056400,IT,10.0
030569,IT,10.0
030614,IT,10.0
03061500,IT,10.0
030616,IT,10.0
030617,IT,10.0
030619,IT,10.0
030633,IT,10.0
03063400,IT,10.0
030635,IT,10.0
030636,IT,10.0
03063910,IT,10.0
030693,IT,10.0
03069400,IT,10.0
030695,IT,10.0
03069910,IT,10.0
030722,IT,10.0
03072900,IT,10.0
030731,IT,10.0
030732,IT,10.0
030739,IT,10.0
030742,IT,10.0
030743,IT,10.0
030749,IT,10.0
03075100,IT,10.0
03075200,IT,10.0
03075900,IT,10.0
03076000,IT,10.0
03077100,IT,10.0
030772,IT,10.0
03077900,IT,10.0
03078100,IT,10.0
03078200,IT,10.0
03078300,IT,10.0
03078400,IT,10.0
03078700,IT,10.0
03078800,IT,10.0
03079200,IT,10.0
03079900,IT,10.0
03072110,IT,10.0
03072190,IT,10.0
03091000,IT,10.0
03099000,IT,10.0
030191,IT,10.0
030192,IT,10.0
03019300,IT,10.0
030194,IT,10.0
03019500,IT,10.0
0302,IT,10.0
0303,IT,10.0
0304,IT,10.0
03053100,IT,10.0
030532,IT,10.0
030539,IT,10.0
03054100,IT,10.0
03054200,IT,10.0
03054300,IT,10.0
030544,IT,10.0
030549,IT,10.0
030551,IT,10.0
03055200,IT,10.0
030553,IT,10.0
030554,IT,10.0
030559,IT,10.0
03056100,IT,10.0
03056200,IT,10.0
03056300,IT,10.0
03056400,IT,10.0
030569,IT,10.0
030614,IT,10.0
03061500,IT,10.0
030616,IT,10.0
030617,IT,10.0
030619,IT,10.0
030633,IT,10.0
03063400,IT,10.0
030635,IT,10.0
030636,IT,10.0
03063910,IT,10.0
030693,IT,10.0
03069400,IT,10.0
030695,IT,10.0
03069910,IT,10.0
030722,IT,10.0
03072900,IT,10.0
030731,IT,10.0
030732,IT,10.0
030739,IT,10.0
030742,IT,10.0
030743,IT,10.0
030749,IT,10.0
03075100,IT,10.0
03075200,IT,10.0
03075900,IT,10.0
03076000,IT,10.0
03077100,IT,10.0
030772,IT,10.0
03077900,IT,10.0
03078100,IT,10.0
03078200,IT,10.0
03078300,IT,10.0
03078400,IT,10.0
03078700,IT,10.0
03078800,IT,10.0
03079200,IT,10.0
03079900,IT,10.0
03072110,IT,10.0
03072190,IT,10.0
03091000,IT,10.0
03099000,IT,10.0
0201,IT,10.0
0202,IT,10.0
0203,IT,10.0
0204,IT,10.0
020500,IT,10.0
021011,IT,10.0
021012,IT,10.0
021019,IT,10.0
021020,IT,10.0
02109910,IT,10.0
02109921,IT,10.0
02109929,IT,10.0
0201,IT,10.0
0202,IT,10.0
0203,IT,10.0
0204,IT,10.0
020500,IT,10.0
021011,IT,10.0
021012,IT,10.0
021019,IT,10.0
021020,IT,10.0
02109910,IT,10.0
02109921,IT,10.0
02109929,IT,10.0
0201,IT,10.0
0202,IT,10.0
0203,IT,10.0
0204,IT,10.0
020500,IT,10.0
021011,IT,10.0
021012,IT,10.0
021019,IT,10.0
021020,IT,10.0
02109910,IT,10.0
02109921,IT,10.0
02109929,IT,10.0
120400,IT,10.0
12051010,IT,10.0
12051090,IT,10.0
12059000,IT,10.0
12060010,IT,10.0
12060091,IT,10.0
12060099,IT,10.0
12071000,IT,10.0
12072100,IT,10.0
12072900,IT,10.0
12073000,IT,10.0
12074010,IT,10.0
12074090,IT,10.0
12075010,IT,10.0
12075090,IT,10.0
12076000,IT,10.0
12077000,IT,10.0
12079110,IT,10.0
12079190,IT,10.0
12079920,IT,10.0
12079991,IT,10.0
12079996,IT,10.0
120400,IT,10.0
12051010,IT,10.0
12051090,IT,10.0
12059000,IT,10.0
12060010,IT,10.0
12060091,IT,10.0
12060099,IT,10.0
12071000,IT,10.0
12072100,IT,10.0
12072900,IT,10.0
12073000,IT,10.0
12074010,IT,10.0
12074090,IT,10.0
12075010,IT,10.0
12075090,IT,10.0
12076000,IT,10.0
12077000,IT,10.0
12079110,IT,10.0
12079190,IT,10.0
12079920,IT,10.0
12079991,IT,10.0
12079996,IT,10.0
120400,IT,10.0
12051010,IT,10.0
12051090,IT,10.0
12059000,IT,10.0
12060010,IT,10.0
12060091,IT,10.0
12060099,IT,10.0
12071000,IT,10.0
12072100,IT,10.0
12072900,IT,10.0
12073000,IT,10.0
12074010,IT,10.0
12074090,IT,10.0
12075010,IT,10.0
12075090,IT,10.0
12076000,IT,10.0
12077000,IT,10.0
12079110,IT,10.0
12079190,IT,10.0
12079920,IT,10.0
12079991,IT,10.0
12079996,IT,10.0
08140000,IT,10.0
08140000,IT,10.0
08140000,IT,10.0
0902,IT,10.0
09030000,IT,10.0
0902,IT,10.0
09030000,IT,10.0
0902,IT,10.0
09030000,IT,10.0
0904,IT,10.0
0905,IT,10.0
0906,IT,10.0
0907,IT,10.0
0908,IT,10.0
0909,IT,10.0
0910,IT,10.0
0904,IT,10.0
0905,IT,10.0
0906,IT,10.0
0907,IT,10.0
0908,IT,10.0
0909,IT,10.0
0910,IT,10.0
0904,IT,10.0
0905,IT,10.0
0906,IT,10.0
0907,IT,10.0
0908,IT,10.0
0909,IT,10.0
0910,IT,10.0
0206,IT,10.0
02109941,IT,10.0
02109949,IT,10.0
02109951,IT,10.0
02109959,IT,10.0
02109985,IT,10.0
0206,IT,10.0
02109941,IT,10.0
02109949,IT,10.0
02109951,IT,10.0
02109959,IT,10.0
02109985,IT,10.0
0206,IT,10.0
02109941,IT,10.0
02109949,IT,10.0
02109951,IT,10.0
02109959,IT,10.0
02109985,IT,10.0
0207,IT,10.0
02109971,IT,10.0
02109979,IT,10.0
0207,IT,10.0
02109971,IT,10.0
02109979,IT,10.0
0207,IT,10.0
02109971,IT,10.0
02109979,IT,10.0
02081010,IT,10.0
02081090,IT,10.0
02089010,IT,10.0
02089030,IT,10.0
02081010,IT,10.0
02081090,IT,10.0
02089010,IT,10.0
02089030,IT,10.0
02081010,IT,10.0
02081090,IT,10.0
02089010,IT,10.0
02089030,IT,10.0
02081090,IT,10.0
02083000,IT,10.0
020840,IT,10.0
02085000,IT,10.0
02086000,IT,10.0
02089010,IT,10.0
02089030,IT,10.0
02089060,IT,10.0
02089070,IT,10.0
02089098,IT,10.0
0210,IT,10.0
02081090,IT,10.0
02083000,IT,10.0
020840,IT,10.0
02085000,IT,10.0
02086000,IT,10.0
02089010,IT,10.0
02089030,IT,10.0
02089060,IT,10.0
02089070,IT,10.0
02089098,IT,10.0
0210,IT,10.0
10031000,IT,10.0
1004,IT,10.0
1007,IT,10.0
1008,IT,10.0
10031000,IT,10.0
1004,IT,10.0
1007,IT,10.0
1008,IT,10.0
10031000,IT,10.0
1004,IT,10.0
1007,IT,10.0
1008,IT,10.0
100620,IT,10.0
100630,IT,10.0
10064000,IT,10.0
100710,IT,10.0
10079000,IT,10.0
1008,IT,10.0
11041210,IT,10.0
11041910,IT,10.0
11041930,IT,10.0
11041950,IT,10.0
11041999,IT,10.0
11042240,IT,10.0
11042250,IT,10.0
11042295,IT,10.0
11042340,IT,10.0
11042398,IT,10.0
11042904,IT,10.0
11042905,IT,10.0
11042908,IT,10.0
11042917,IT,10.0
11042930,IT,10.0
11042959,IT,10.0
11042981,IT,10.0
11042985,IT,10.0
11042989,IT,10.0
11043010,IT,10.0
02081090,IT,10.0
02083000,IT,10.0
020840,IT,10.0
02085000,IT,10.0
02086000,IT,10.0
02089010,IT,10.0
02089030,IT,10.0
02089060,IT,10.0
02089070,IT,10.0
02089098,IT,10.0
0210,IT,10.0
100620,IT,10.0
100630,IT,10.0
10064000,IT,10.0
100710,IT,10.0
10079000,IT,10.0
1008,IT,10.0
11041210,IT,10.0
11041910,IT,10.0
11041930,IT,10.0
11041950,IT,10.0
11041999,IT,10.0
11042240,IT,10.0
11042250,IT,10.0
11042295,IT,10.0
11042340,IT,10.0
11042398,IT,10.0
11042904,IT,10.0
11042905,IT,10.0
11042908,IT,10.0
11042917,IT,10.0
11042930,IT,10.0
11042959,IT,10.0
11042981,IT,10.0
11042985,IT,10.0
11042989,IT,10.0
11043010,IT,10.0
100620,IT,10.0
100630,IT,10.0
10064000,IT,10.0
100710,IT,10.0
10079000,IT,10.0
1008,IT,10.0
11041210,IT,10.0
11041910,IT,10.0
11041930,IT,10.0
11041950,IT,10.0
11041999,IT,10.0
11042240,IT,10.0
11042250,IT,10.0
11042295,IT,10.0
11042340,IT,10.0
11042398,IT,10.0
11042904,IT,10.0
11042905,IT,10.0
11042908,IT,10.0
11042917,IT,10.0
11042930,IT,10.0
11042959,IT,10.0
11042981,IT,10.0
11042985,IT,10.0
11042989,IT,10.0
11043010,IT,10.0
020910,IT,10.0
020910,IT,10.0
020910,IT,10.0
02099000,IT,10.0
02099000,IT,10.0
11029030,IT,10.0
11029050,IT,10.0
11029090,IT,10.0
11029030,IT,10.0
11029050,IT,10.0
11029090,IT,10.0
11029030,IT,10.0
11029050,IT,10.0
11029090,IT,10.0
110319,IT,10.0
110320,IT,10.0
11041969,IT,10.0
11041991,IT,10.0
110319,IT,10.0
110320,IT,10.0
11041969,IT,10.0
11041991,IT,10.0
110319,IT,10.0
110320,IT,10.0
11041969,IT,10.0
11041991,IT,10.0
02099000,IT,10.0
0401,IT,10.0
0403,IT,10.0
040410,IT,10.0
0401,IT,10.0
0403,IT,10.0
040410,IT,10.0
0401,IT,10.0
0403,IT,10.0
040410,IT,10.0
0402,IT,10.0
0402,IT,10.0
0302,IT,10.0
0303,IT,10.0
0302,IT,10.0
0303,IT,10.0
0402,IT,10.0
0402,IT,10.0
0402,IT,10.0
0402,IT,10.0
0407,IT,10.0
0407,IT,10.0
0407,IT,10.0
1105,IT,10.0
1106,IT,10.0
1105,IT,10.0
1106,IT,10.0
0302,IT,10.0
0303,IT,10.0
04081180,IT,10.0
04081981,IT,10.0
04081989,IT,10.0
04081180,IT,10.0
04081981,IT,10.0
04081989,IT,10.0
04081180,IT,10.0
04081981,IT,10.0
04081989,IT,10.0
04090000,IT,10.0
04090000,IT,10.0
04090000,IT,10.0
05040000,IT,10.0
05040000,IT,10.0
05040000,IT,10.0
0506,IT,10.0
1105,IT,10.0
1106,IT,10.0
1107,IT,10.0
1107,IT,10.0
1107,IT,10.0
1108,IT,10.0
1108,IT,10.0
1108,IT,10.0
11090000,IT,10.0
11090000,IT,10.0
11090000,IT,10.0
0506,IT,10.0
0506,IT,10.0
05111000,IT,10.0
05111000,IT,10.0
05111000,IT,10.0
0601,IT,10.0
0602,IT,10.0
060420,IT,10.0
0601,IT,10.0
0602,IT,10.0
060420,IT,10.0
0601,IT,10.0
0602,IT,10.0
060420,IT,10.0
0712,IT,10.0
0714,IT,10.0
0712,IT,10.0
0714,IT,10.0
0712,IT,10.0
0714,IT,10.0
08061090,IT,10.0
08061090,IT,10.0
08061090,IT,10.0
08111011,IT,10.0
08111019,IT,10.0
08112011,IT,10.0
08112019,IT,10.0
08119011,IT,10.0
08119019,IT,10.0
08119031,IT,10.0
08119039,IT,10.0
08111011,IT,10.0
08111019,IT,10.0
08112011,IT,10.0
08112019,IT,10.0
08119011,IT,10.0
08119019,IT,10.0
08119031,IT,10.0
08119039,IT,10.0
01064100,IT,10.0
01064900,IT,10.0
01064100,IT,10.0
01064900,IT,10.0
01064100,IT,10.0
01064900,IT,10.0
08111011,IT,10.0
08111019,IT,10.0
08112011,IT,10.0
08112019,IT,10.0
08119011,IT,10.0
08119019,IT,10.0
08119031,IT,10.0
08119039,IT,10.0
200811,IT,10.0
200819,IT,10.0
20082051,IT,10.0
20082059,IT,10.0
20082071,IT,10.0
20082079,IT,10.0
20082090,IT,10.0
20083051,IT,10.0
20083055,IT,10.0
20083059,IT,10.0
20083075,IT,10.0
20083079,IT,10.0
20083090,IT,10.0
20084051,IT,10.0
20084059,IT,10.0
20084071,IT,10.0
20084079,IT,10.0
20084090,IT,10.0
20085061,IT,10.0
20085069,IT,10.0
20085071,IT,10.0
20085079,IT,10.0
20085092,IT,10.0
20085098,IT,10.0
20086050,IT,10.0
20086060,IT,10.0
20086070,IT,10.0
20086090,IT,10.0
20087061,IT,10.0
20087069,IT,10.0
20087071,IT,10.0
20087079,IT,10.0
20087092,IT,10.0
20087098,IT,10.0
20088050,IT,10.0
20088070,IT,10.0
20088090,IT,10.0
20089391,IT,10.0
20089393,IT,10.0
20089703,IT,10.0
20089705,IT,10.0
20089751,IT,10.0
20089759,IT,10.0
20089772,IT,10.0
20089774,IT,10.0
20089776,IT,10.0
20089778,IT,10.0
20089792,IT,10.0
20089793,IT,10.0
20089794,IT,10.0
20089796,IT,10.0
20089797,IT,10.0
20089798,IT,10.0
20089941,IT,10.0
20089943,IT,10.0
20089945,IT,10.0
20089948,IT,10.0
20089949,IT,10.0
20089951,IT,10.0
20089963,IT,10.0
20089967,IT,10.0
20089972,IT,10.0
20089978,IT,10.0
20089985,IT,10.0
20089991,IT,10.0
20089999,IT,10.0
200811,IT,10.0
200819,IT,10.0
20082051,IT,10.0
20082059,IT,10.0
20082071,IT,10.0
20082079,IT,10.0
20082090,IT,10.0
20083051,IT,10.0
20083055,IT,10.0
20083059,IT,10.0
20083075,IT,10.0
20083079,IT,10.0
20083090,IT,10.0
20084051,IT,10.0
20084059,IT,10.0
20084071,IT,10.0
20084079,IT,10.0
20084090,IT,10.0
20085061,IT,10.0
20085069,IT,10.0
20085071,IT,10.0
20085079,IT,10.0
20085092,IT,10.0
20085098,IT,10.0
20086050,IT,10.0
20086060,IT,10.0
20086070,IT,10.0
20086090,IT,10.0
20087061,IT,10.0
20087069,IT,10.0
20087071,IT,10.0
20087079,IT,10.0
20087092,IT,10.0
20087098,IT,10.0
20088050,IT,10.0
20088070,IT,10.0
20088090,IT,10.0
20089391,IT,10.0
20089393,IT,10.0
20089703,IT,10.0
20089705,IT,10.0
20089751,IT,10.0
20089759,IT,10.0
20089772,IT,10.0
20089774,IT,10.0
20089776,IT,10.0
20089778,IT,10.0
20089792,IT,10.0
20089793,IT,10.0
20089794,IT,10.0
20089796,IT,10.0
20089797,IT,10.0
20089798,IT,10.0
20089941,IT,10.0
20089943,IT,10.0
20089945,IT,10.0
20089948,IT,10.0
20089949,IT,10.0
20089951,IT,10.0
20089963,IT,10.0
20089967,IT,10.0
20089972,IT,10.0
20089978,IT,10.0
20089985,IT,10.0
20089991,IT,10.0
20089999,IT,10.0
200811,IT,10.0
200819,IT,10.0
20082051,IT,10.0
20082059,IT,10.0
20082071,IT,10.0
20082079,IT,10.0
20082090,IT,10.0
20083051,IT,10.0
20083055,IT,10.0
20083059,IT,10.0
20083075,IT,10.0
20083079,IT,10.0
20083090,IT,10.0
20084051,IT,10.0
20084059,IT,10.0
20084071,IT,10.0
20084079,IT,10.0
20084090,IT,10.0
20085061,IT,10.0
20085069,IT,10.0
20085071,IT,10.0
20085079,IT,10.0
20085092,IT,10.0
20085098,IT,10.0
20086050,IT,10.0
20086060,IT,10.0
20086070,IT,10.0
20086090,IT,10.0
20087061,IT,10.0
20087069,IT,10.0
20087071,IT,10.0
20087079,IT,10.0
20087092,IT,10.0
20087098,IT,10.0
20088050,IT,10.0
20088070,IT,10.0
20088090,IT,10.0
20089391,IT,10.0
20089393,IT,10.0
20089703,IT,10.0
20089705,IT,10.0
20089751,IT,10.0
20089759,IT,10.0
20089772,IT,10.0
20089774,IT,10.0
20089776,IT,10.0
20089778,IT,10.0
20089792,IT,10.0
20089793,IT,10.0
20089794,IT,10.0
20089796,IT,10.0
20089797,IT,10.0
20089798,IT,10.0
20089941,IT,10.0
20089943,IT,10.0
20089945,IT,10.0
20089948,IT,10.0
20089949,IT,10.0
20089951,IT,10.0
20089963,IT,10.0
20089967,IT,10.0
20089972,IT,10.0
20089978,IT,10.0
20089985,IT,10.0
20089991,IT,10.0
20089999,IT,10.0
12122100,IT,10.0
12122900,IT,10.0
12122100,IT,10.0
12122900,IT,10.0
12122100,IT,10.0
12122900,IT,10.0
121291,IT,10.0
121291,IT,10.0
121291,IT,10.0
12129200,IT,10.0
12129400,IT,10.0
12129995,IT,10.0
12129200,IT,10.0
12129400,IT,10.0
12129995,IT,10.0
12129200,IT,10.0
12129400,IT,10.0
12129995,IT,10.0
16041100,IT,10.0
160412,IT,10.0
160413,IT,10.0
160414,IT,10.0
160415,IT,10.0
16041600,IT,10.0
16041700,IT,10.0
16041800,IT,10.0
160419,IT,10.0
160420,IT,10.0
16051000,IT,10.0
160521,IT,10.0
16052900,IT,10.0
16055200,IT,10.0
160553,IT,10.0
16055400,IT,10.0
16055500,IT,10.0
16055600,IT,10.0
16055700,IT,10.0
16055800,IT,10.0
16055900,IT,10.0
16056100,IT,10.0
16056200,IT,10.0
16056300,IT,10.0
16056900,IT,10.0
16041100,IT,10.0
160412,IT,10.0
160413,IT,10.0
160414,IT,10.0
160415,IT,10.0
16041600,IT,10.0
16041700,IT,10.0
16041800,IT,10.0
160419,IT,10.0
160420,IT,10.0
16051000,IT,10.0
160521,IT,10.0
16052900,IT,10.0
16055200,IT,10.0
160553,IT,10.0
16055400,IT,10.0
16055500,IT,10.0
16055600,IT,10.0
16055700,IT,10.0
16055800,IT,10.0
16055900,IT,10.0
16056100,IT,10.0
16056200,IT,10.0
16056300,IT,10.0
16056900,IT,10.0
16041100,IT,10.0
160412,IT,10.0
160413,IT,10.0
160414,IT,10.0
160415,IT,10.0
16041600,IT,10.0
16041700,IT,10.0
16041800,IT,10.0
160419,IT,10.0
160420,IT,10.0
16051000,IT,10.0
160521,IT,10.0
16052900,IT,10.0
16055200,IT,10.0
160553,IT,10.0
16055400,IT,10.0
16055500,IT,10.0
16055600,IT,10.0
16055700,IT,10.0
16055800,IT,10.0
16055900,IT,10.0
16056100,IT,10.0
16056200,IT,10.0
16056300,IT,10.0
16056900,IT,10.0
200600,IT,10.0
200600,IT,10.0
2007,IT,10.0
2007,IT,10.0
2007,IT,10.0
12130000,IT,10.0
12130000,IT,10.0
12130000,IT,10.0
1214,IT,10.0
1214,IT,10.0
1214,IT,10.0
13021300,IT,10.0
13021970,IT,10.0
13021300,IT,10.0
13021970,IT,10.0
13021300,IT,10.0
13021970,IT,10.0
1501,IT,10.0
1501,IT,10.0
1501,IT,10.0
15021090,IT,10.0
15021090,IT,10.0
23040000,IT,10.0
23050000,IT,10.0
2306,IT,10.0
23040000,IT,10.0
23050000,IT,10.0
2306,IT,10.0
230700,IT,10.0
230700,IT,10.0
230700,IT,10.0
230800,IT,10.0
230800,IT,10.0
230800,IT,10.0
230990,IT,10.0
230990,IT,10.0
230990,IT,10.0
23099096,IT,10.0
23099096,IT,10.0
23099096,IT,10.0
15021090,IT,10.0
15030019,IT,10.0
15030090,IT,10.0
15030019,IT,10.0
15030090,IT,10.0
15030019,IT,10.0
15030090,IT,10.0
150410,IT,10.0
15042090,IT,10.0
15043090,IT,10.0
150410,IT,10.0
15042090,IT,10.0
15043090,IT,10.0
150410,IT,10.0
15042090,IT,10.0
15043090,IT,10.0
27050000,IT,10.0
2711,IT,10.0
27050000,IT,10.0
2711,IT,10.0
27050000,IT,10.0
2711,IT,10.0
27160000,IT,10.0
27160000,IT,10.0
27160000,IT,10.0
29161995,IT,10.0
29161995,IT,10.0
29161995,IT,10.0
29232000,IT,10.0
15060000,IT,10.0
15071090,IT,10.0
15081090,IT,10.0
15111090,IT,10.0
15121191,IT,10.0
15121199,IT,10.0
15122190,IT,10.0
15131191,IT,10.0
15131199,IT,10.0
15132130,IT,10.0
15132190,IT,10.0
15141190,IT,10.0
15149190,IT,10.0
15151100,IT,10.0
15152190,IT,10.0
15153090,IT,10.0
15155019,IT,10.0
15159011,IT,10.0
15159029,IT,10.0
15159051,IT,10.0
15159059,IT,10.0
15159091,IT,10.0
15159099,IT,10.0
15156051,IT,10.0
15156059,IT,10.0
15156091,IT,10.0
15156099,IT,10.0
15060000,IT,10.0
15071090,IT,10.0
15081090,IT,10.0
15111090,IT,10.0
15121191,IT,10.0
15121199,IT,10.0
15122190,IT,10.0
15131191,IT,10.0
15131199,IT,10.0
15132130,IT,10.0
15132190,IT,10.0
15141190,IT,10.0
15149190,IT,10.0
15151100,IT,10.0
15152190,IT,10.0
15153090,IT,10.0
15155019,IT,10.0
15159011,IT,10.0
15159029,IT,10.0
15159051,IT,10.0
15159059,IT,10.0
15159091,IT,10.0
15159099,IT,10.0
15156051,IT,10.0
15156059,IT,10.0
15156091,IT,10.0
15156099,IT,10.0
15060000,IT,10.0
15071090,IT,10.0
15081090,IT,10.0
15111090,IT,10.0
15121191,IT,10.0
15121199,IT,10.0
15122190,IT,10.0
15131191,IT,10.0
15131199,IT,10.0
15132130,IT,10.0
15132190,IT,10.0
15141190,IT,10.0
15149190,IT,10.0
15151100,IT,10.0
15152190,IT,10.0
15153090,IT,10.0
15155019,IT,10.0
15159011,IT,10.0
15159029,IT,10.0
15159051,IT,10.0
15159059,IT,10.0
15159091,IT,10.0
15159099,IT,10.0
15156051,IT,10.0
15156059,IT,10.0
15156091,IT,10.0
15156099,IT,10.0
29232000,IT,10.0
29232000,IT,10.0
3003,IT,10.0
3004,IT,10.0
3005,IT,10.0
3006,IT,10.0
38221300,IT,10.0
3003,IT,10.0
3004,IT,10.0
3005,IT,10.0
30024190,IT,10.0
30024200,IT,10.0
38221300,IT,10.0
3003,IT,10.0
3004,IT,10.0
3005,IT,10.0
30024190,IT,10.0
30024200,IT,10.0
38221300,IT,10.0
3808,IT,10.0
3808,IT,10.0
3808,IT,10.0
44011100,IT,10.0
44011200,IT,10.0
44014100,IT,10.0
44014900,IT,10.0
44011100,IT,10.0
44011200,IT,10.0
44014100,IT,10.0
44014900,IT,10.0
44011100,IT,10.0
44011200,IT,10.0
44014100,IT,10.0
44014900,IT,10.0
96190030,IT,10.0
96190040,IT,10.0
96190071,IT,10.0
96190075,IT,10.0
96190079,IT,10.0
96190030,IT,10.0
96190040,IT,10.0
96190071,IT,10.0
96190075,IT,10.0
96190079,IT,10.0
170112,IT,10.0
170113,IT,10.0
170114,IT,10.0
170199,IT,10.0
170112,IT,10.0
170113,IT,10.0
170114,IT,10.0
170199,IT,10.0
170112,IT,10.0
170113,IT,10.0
170114,IT,10.0
170199,IT,10.0
17021100,IT,10.0
17021900,IT,10.0
17022090,IT,10.0
170230,IT,10.0
170240,IT,10.0
17029030,IT,10.0
17029050,IT,10.0
17029071,IT,10.0
17029075,IT,10.0
17029079,IT,10.0
17029080,IT,10.0
17029095,IT,10.0
17021100,IT,10.0
17021900,IT,10.0
17022090,IT,10.0
170230,IT,10.0
170240,IT,10.0
17029030,IT,10.0
17029050,IT,10.0
17029071,IT,10.0
17029075,IT,10.0
17029079,IT,10.0
17029080,IT,10.0
17029095,IT,10.0
17021100,IT,10.0
17021900,IT,10.0
17022090,IT,10.0
170230,IT,10.0
170240,IT,10.0
17029030,IT,10.0
17029050,IT,10.0
17029071,IT,10.0
17029075,IT,10.0
17029079,IT,10.0
17029080,IT,10.0
17029095,IT,10.0
2101,IT,10.0
2101,IT,10.0
2101,IT,10.0
2102,IT,10.0
2102,IT,10.0
2102,IT,10.0
21031000,IT,10.0
21032000,IT,10.0
21039010,IT,10.0
21039090,IT,10.0
2104,IT,10.0
21031000,IT,10.0
21032000,IT,10.0
21039010,IT,10.0
21039090,IT,10.0
2104,IT,10.0
21031000,IT,10.0
21032000,IT,10.0
21039010,IT,10.0
21039090,IT,10.0
2104,IT,10.0
210330,IT,10.0
210330,IT,10.0
210330,IT,10.0
190220,IT,10.0
19024090,IT,10.0
210500,IT,10.0
21061020,IT,10.0
21061080,IT,10.0
21069092,IT,10.0
21069098,IT,10.0
190220,IT,10.0
19024090,IT,10.0
210500,IT,10.0
21061020,IT,10.0
21061080,IT,10.0
21069092,IT,10.0
21069098,IT,10.0
190220,IT,10.0
19024090,IT,10.0
210500,IT,10.0
21061020,IT,10.0
21061080,IT,10.0
21069092,IT,10.0
21069098,IT,10.0
22019000,IT,10.0
22019000,IT,10.0
22019000,IT,10.0
220900,IT,10.0
220900,IT,10.0
220900,IT,10.0
2301,IT,10.0
151610,IT,10.0
151620,IT,10.0
15163091,IT,10.0
15163098,IT,10.0
151610,IT,10.0
151620,IT,10.0
15163091,IT,10.0
15163098,IT,10.0
151610,IT,10.0
151620,IT,10.0
15163091,IT,10.0
15163098,IT,10.0
1703,IT,10.0
1703,IT,10.0
1703,IT,10.0
1704,IT,10.0
1704,IT,10.0
1704,IT,10.0
18050000,IT,10.0
2301,IT,10.0
2301,IT,10.0
2303,IT,10.0
2303,IT,10.0
2303,IT,10.0
23040000,IT,10.0
23050000,IT,10.0
2306,IT,10.0
15171010,IT,10.0
15179010,IT,10.0
15171010,IT,10.0
15179010,IT,10.0
15171010,IT,10.0
15179010,IT,10.0
15219091,IT,10.0
15219091,IT,10.0
15219091,IT,10.0
160100,IT,10.0
160100,IT,10.0
160100,IT,10.0
16021000,IT,10.0
16022090,IT,10.0
160231,IT,10.0
160232,IT,10.0
160239,IT,10.0
160241,IT,10.0
160242,IT,10.0
160249,IT,10.0
160250,IT,10.0
16029010,IT,10.0
16029051,IT,10.0
16029061,IT,10.0
16029069,IT,10.0
16029091,IT,10.0
16029095,IT,10.0
16029099,IT,10.0
16021000,IT,10.0
16022090,IT,10.0
160231,IT,10.0
160232,IT,10.0
160239,IT,10.0
160241,IT,10.0
160242,IT,10.0
160249,IT,10.0
160250,IT,10.0
16029010,IT,10.0
16029051,IT,10.0
16029061,IT,10.0
16029069,IT,10.0
16029091,IT,10.0
16029095,IT,10.0
16029099,IT,10.0
16021000,IT,10.0
16022090,IT,10.0
160231,IT,10.0
160232,IT,10.0
160239,IT,10.0
160241,IT,10.0
160242,IT,10.0
160249,IT,10.0
160250,IT,10.0
16029010,IT,10.0
16029051,IT,10.0
16029061,IT,10.0
16029069,IT,10.0
16029091,IT,10.0
16029095,IT,10.0
16029099,IT,10.0
18050000,IT,10.0
18050000,IT,10.0
1806,IT,10.0
1806,IT,10.0
1806,IT,10.0
1901,IT,10.0
1901,IT,10.0
1901,IT,10.0
19030000,IT,10.0
19030000,IT,10.0
19030000,IT,10.0
1904,IT,10.0
1904,IT,10.0
1904,IT,10.0
190520,IT,10.0
190531,IT,10.0
190532,IT,10.0
19059045,IT,10.0
19059055,IT,10.0
19059070,IT,10.0
19059080,IT,10.0
190520,IT,10.0
190531,IT,10.0
190532,IT,10.0
19059045,IT,10.0
19059055,IT,10.0
19059070,IT,10.0
19059080,IT,10.0
190520,IT,10.0
190531,IT,10.0
190532,IT,10.0
19059045,IT,10.0
19059055,IT,10.0
19059070,IT,10.0
19059080,IT,10.0
2001,IT,10.0
2001,IT,10.0
2001,IT,10.0
2003,IT,10.0
200410,IT,10.0
20051000,IT,10.0
200520,IT,10.0
20052080,IT,10.0
20054000,IT,10.0
20055100,IT,10.0
20055900,IT,10.0
20056000,IT,10.0
20057000,IT,10.0
20059100,IT,10.0
200599,IT,10.0
2003,IT,10.0
200410,IT,10.0
20051000,IT,10.0
200520,IT,10.0
20052080,IT,10.0
20054000,IT,10.0
20055100,IT,10.0
20055900,IT,10.0
20056000,IT,10.0
20057000,IT,10.0
20059100,IT,10.0
200599,IT,10.0
2003,IT,10.0
200410,IT,10.0
20051000,IT,10.0
200520,IT,10.0
20052080,IT,10.0
20054000,IT,10.0
20055100,IT,10.0
20055900,IT,10.0
20056000,IT,10.0
20057000,IT,10.0
20059100,IT,10.0
200599,IT,10.0
160300,IT,10.0
160300,IT,10.0
160300,IT,10.0
1208,IT,10.0
1208,IT,10.0
1208,IT,10.0
1209,IT,10.0
1209,IT,10.0
1209,IT,10.0
12101000,IT,10.0
121020,IT,10.0
12101000,IT,10.0
121020,IT,10.0
12101000,IT,10.0
121020,IT,10.0
200600,IT,10.0
97040000,IT,10.0
97040000,IT,10.0
9701,IT,10.0
97020000,IT,10.0
97030000,IT,10.0
97060000,IT,10.0
97052100,IT,10.0
97052200,IT,10.0
97053100,IT,10.0
97053900,IT,10.0
9701,IT,10.0
97020000,IT,10.0
97030000,IT,10.0
97060000,IT,10.0
97052100,IT,10.0
97052200,IT,10.0
97053100,IT,10.0
97053900,IT,10.0
9701,IT,10.0
97020000,IT,10.0
97030000,IT,10.0
97060000,IT,10.0
97052100,IT,10.0
97052200,IT,10.0
97053100,IT,10.0
97053900,IT,10.0
96190030,IT,10.0
96190040,IT,10.0
96190071,IT,10.0
96190075,IT,10.0
96190079,IT,10.0
97040000,IT,10.0
,IT,22.0
,IT,22.0
,IT,22.0
01,CY,5.0
02,CY,5.0
03,CY,5.0
04,CY,5.0
07,CY,5.0
08,CY,5.0
09,CY,5.0
10,CY,5.0
11,CY,5.0
12,CY,5.0
14,CY,5.0
15,CY,5.0
17,CY,5.0
27,CY,5.0
30,CY,5.0
31,CY,5.0
49,CY,5.0
49,CY,5.0
49,CY,5.0
84,CY,5.0
90,CY,5.0
87,CY,5.0
97,CY,5.0
97,CY,5.0
,CY,19.0
38210000,LT,0.0
30024110,LT,0.0
38221900,LT,0.0
90278990,LT,0.0
30,LT,5.0
4818,LT,5.0
5208,LT,5.0
5601,LT,5.0
8713,LT,5.0
9018,LT,5.0
9021,LT,5.0
961900,LT,5.0
39222000,LT,5.0
39229000,LT,5.0
40169500,LT,5.0
40169952,LT,5.0
40169957,LT,5.0
40169991,LT,5.0
40169997,LT,5.0
42033000,LT,5.0
62129000,LT,5.0
66020000,LT,5.0
821520,LT,5.0
842890,LT,5.0
847160,LT,5.0
847290,LT,5.0
85171100,LT,5.0
85176200,LT,5.0
854370,LT,5.0
871200,LT,5.0
8713,LT,5.0
87142000,LT,5.0
901780,LT,5.0
9021,LT,5.0
902610,LT,5.0
9102,LT,5.0
94017100,LT,5.0
94017900,LT,5.0
94029000,LT,5.0
4902,LT,5.0
4902,LT,5.0
,LT,21.0
4401,LT,9.0
4901,LT,9.0
49030000,LT,9.0
49040000,LT,9.0
4905,LT,9.0
49060000,LT,9.0
4911,LT,9.0
,PT,23.0
0201,PT,6.0
020220,PT,6.0
02023010,PT,6.0
02023050,PT,6.0
02023090,PT,6.0
020311,PT,6.0
020312,PT,6.0
020319,PT,6.0
020321,PT,6.0
020322,PT,6.0
02032911,PT,6.0
02032913,PT,6.0
02032915,PT,6.0
02032955,PT,6.0
02032959,PT,6.0
02032990,PT,6.0
02041000,PT,6.0
02042100,PT,6.0
020422,PT,6.0
02042300,PT,6.0
02043000,PT,6.0
02044100,PT,6.0
020442,PT,6.0
020443,PT,6.0
02045011,PT,6.0
02045013,PT,6.0
02045015,PT,6.0
02045019,PT,6.0
02045031,PT,6.0
02045039,PT,6.0
02045051,PT,6.0
02045053,PT,6.0
02045055,PT,6.0
02045059,PT,6.0
02045071,PT,6.0
02045079,PT,6.0
02050020,PT,6.0
02050080,PT,6.0
020610,PT,6.0
02062100,PT,6.0
02062200,PT,6.0
020629,PT,6.0
02063000,PT,6.0
02064100,PT,6.0
02064900,PT,6.0
020680,PT,6.0
02069010,PT,6.0
02069091,PT,6.0
02069099,PT,6.0
020711,PT,6.0
020712,PT,6.0
020713,PT,6.0
020714,PT,6.0
020724,PT,6.0
020725,PT,6.0
020726,PT,6.0
020727,PT,6.0
020741,PT,6.0
020742,PT,6.0
02074300,PT,6.0
020744,PT,6.0
020745,PT,6.0
020751,PT,6.0
020752,PT,6.0
02075300,PT,6.0
020754,PT,6.0
020755,PT,6.0
02076005,PT,6.0
02076010,PT,6.0
02076021,PT,6.0
02076031,PT,6.0
02076041,PT,6.0
02076051,PT,6.0
02076061,PT,6.0
02076081,PT,6.0
02076091,PT,6.0
02076099,PT,6.0
0302,PT,6.0
0303,PT,6.0
0304,PT,6.0
03053100,PT,6.0
030532,PT,6.0
03053950,PT,6.0
030551,PT,6.0
03055200,PT,6.0
030553,PT,6.0
030554,PT,6.0
030559,PT,6.0
03056100,PT,6.0
03056200,PT,6.0
03056300,PT,6.0
03056400,PT,6.0
03056910,PT,6.0
03056930,PT,6.0
030711,PT,6.0
03071200,PT,6.0
03071900,PT,6.0
03072100,PT,6.0
030722,PT,6.0
03072900,PT,6.0
030731,PT,6.0
030732,PT,6.0
030739,PT,6.0
030742,PT,6.0
030743,PT,6.0
030749,PT,6.0
03075100,PT,6.0
03075200,PT,6.0
03075900,PT,6.0
03076000,PT,6.0
03077100,PT,6.0
030772,PT,6.0
03077900,PT,6.0
03078100,PT,6.0
03078200,PT,6.0
03078300,PT,6.0
03078400,PT,6.0
03078700,PT,6.0
03078800,PT,6.0
0401,PT,6.0
040210,PT,6.0
040221,PT,6.0
040229,PT,6.0
040291,PT,6.0
040299,PT,6.0
0405,PT,6.0
0406,PT,6.0
04072100,PT,6.0
040729,PT,6.0
040790,PT,6.0
04090000,PT,6.0
0701,PT,6.0
07020000,PT,6.0
0703,PT,6.0
0704,PT,6.0
0705,PT,6.0
0706,PT,6.0
070700,PT,6.0
0708,PT,6.0
0709,PT,6.0
0710,PT,6.0
0712,PT,6.0
0713,PT,6.0
0714,PT,6.0
0801,PT,6.0
0802,PT,6.0
0803,PT,6.0
0804,PT,6.0
0805,PT,6.0
0806,PT,6.0
0807,PT,6.0
0808,PT,6.0
0809,PT,6.0
0810,PT,6.0
0813,PT,6.0
1001,PT,6.0
1002,PT,6.0
1004,PT,6.0
1005,PT,6.0
100610,PT,6.0
100630,PT,6.0
10064000,PT,6.0
1007,PT,6.0
1008,PT,6.0
110100,PT,6.0
110220,PT,6.0
11029010,PT,6.0
11029030,PT,6.0
11029050,PT,6.0
11029070,PT,6.0
12122100,PT,6.0
150110,PT,6.0
150120,PT,6.0
1509,PT,6.0
160249,PT,6.0
160413,PT,6.0
160414,PT,6.0
160415,PT,6.0
16041910,PT,6.0
16041931,PT,6.0
16041939,PT,6.0
16041950,PT,6.0
16042050,PT,6.0
16042070,PT,6.0
19021100,PT,6.0
19021910,PT,6.0
19021990,PT,6.0
19052010,PT,6.0
19059030,PT,6.0
2009,PT,6.0
2201,PT,6.0
22029911,PT,6.0
22029915,PT,6.0
22029991,PT,6.0
03072190,PT,6.0
040320,PT,6.0
0101,PT,6.0
0102,PT,6.0
0103,PT,6.0
0104,PT,6.0
0105,PT,6.0
01061410,PT,6.0
01063300,PT,6.0
01063910,PT,6.0
0601,PT,6.0
06021090,PT,6.0
060220,PT,6.0
06023000,PT,6.0
06029041,PT,6.0
06029045,PT,6.0
06029046,PT,6.0
06029047,PT,6.0
06029048,PT,6.0
10011100,PT,6.0
100191,PT,6.0
10019120,PT,6.0
10021000,PT,6.0
10031000,PT,6.0
10041000,PT,6.0
100510,PT,6.0
10061010,PT,6.0
1209,PT,6.0
23069005,PT,6.0
31010000,PT,6.0
3102,PT,6.0
3103,PT,6.0
3104,PT,6.0
3105,PT,6.0
3808,PT,6.0
48010000,PT,6.0
11043090,PT,13.0
16055100,PT,13.0
16055200,PT,13.0
160553,PT,13.0
16055400,PT,13.0
16055500,PT,13.0
16055600,PT,13.0
16055700,PT,13.0
16055800,PT,13.0
16055900,PT,13.0
2201,PT,13.0
2201,PT,13.0
2201,PT,6.0
27111100,PT,6.0
27160000,PT,6.0
3003,PT,6.0
3004,PT,6.0
3005,PT,6.0
3006,PT,6.0
40141000,PT,6.0
961900,PT,6.0
300241,PT,6.0
4901,PT,6.0
4902,PT,6.0
49030000,PT,6.0
49040000,PT,6.0
49052000,PT,6.0
49119100,PT,6.0
58050000,PT,6.0
6304,PT,6.0
6115,PT,6.0
6704,PT,6.0
8713,PT,6.0
900140,PT,6.0
900150,PT,6.0
9021,PT,6.0
9701,PT,6.0
97020000,PT,6.0
97030000,PT,6.0
97030000,PT,6.0
97030000,PT,6.0
97030000,PT,6.0
3002,LV,0.0
38210000,LV,0.0
38220000,LV,0.0
9027,LV,0.0
300220,LV,0.0
07,LV,5.0
08,LV,5.0
12,LV,5.0
49,LV,5.0
49,LV,5.0
49,LV,5.0
04,LV,12.0
16,LV,12.0
19,LV,12.0
20,LV,12.0
21,LV,12.0
22,LV,12.0
30,LV,12.0
38220000,LV,12.0
87131000,LV,12.0
87139000,LV,12.0
87142000,LV,12.0
90189030,LV,12.0
90189084,LV,12.0
90211010,LV,12.0
90211090,LV,12.0
90213100,LV,12.0
90213910,LV,12.0
90213990,LV,12.0
90214000,LV,12.0
90215000,LV,12.0
90219010,LV,12.0
90219090,LV,12.0
901920,LV,12.0
4401,LV,12.0
,LV,21.0
01012100,NL,9.0
010129,NL,9.0
01013000,NL,9.0
01019000,NL,9.0
0102,NL,9.0
0103,NL,9.0
0104,NL,9.0
0105,NL,9.0
0106,NL,9.0
0201,NL,9.0
0202,NL,9.0
0203,NL,9.0
0204,NL,9.0
020500,NL,9.0
0206,NL,9.0
0207,NL,9.0
0208,NL,9.0
020910,NL,9.0
0210,NL,9.0
030191,NL,9.0
030192,NL,9.0
030194,NL,9.0
03019500,NL,9.0
030199,NL,9.0
030211,NL,9.0
03021300,NL,9.0
03021400,NL,9.0
03021900,NL,9.0
030221,NL,9.0
03022200,NL,9.0
03022300,NL,9.0
03022400,NL,9.0
030229,NL,9.0
030231,NL,9.0
030232,NL,9.0
030233,NL,9.0
030234,NL,9.0
030235,NL,9.0
03023591,NL,9.0
030236,NL,9.0
030239,NL,9.0
03024100,NL,9.0
03024200,NL,9.0
030243,NL,9.0
03024400,NL,9.0
030245,NL,9.0
03024600,NL,9.0
03024700,NL,9.0
030249,NL,9.0
030251,NL,9.0
03025200,NL,9.0
03025300,NL,9.0
030254,NL,9.0
03025500,NL,9.0
03025600,NL,9.0
030259,NL,9.0
03027100,NL,9.0
03027200,NL,9.0
03027300,NL,9.0
03027400,NL,9.0
03027900,NL,9.0
030281,NL,9.0
03028200,NL,9.0
03028300,NL,9.0
030284,NL,9.0
030285,NL,9.0
030289,NL,9.0
03029200,NL,9.0
03029900,NL,9.0
0303,NL,9.0
0304,NL,9.0
03053100,NL,9.0
030532,NL,9.0
030539,NL,9.0
03054100,NL,9.0
03054200,NL,9.0
03054300,NL,9.0
030544,NL,9.0
030549,NL,9.0
030551,NL,9.0
03055200,NL,9.0
030553,NL,9.0
030554,NL,9.0
030559,NL,9.0
03056100,NL,9.0
03056200,NL,9.0
03056300,NL,9.0
03056400,NL,9.0
030569,NL,9.0
03057100,NL,9.0
03057200,NL,9.0
03057900,NL,9.0
0306,NL,9.0
030711,NL,9.0
03071200,NL,9.0
03071900,NL,9.0
03072100,NL,9.0
030722,NL,9.0
03072900,NL,9.0
030731,NL,9.0
030732,NL,9.0
030739,NL,9.0
030742,NL,9.0
03074210,NL,9.0
03074220,NL,9.0
03074230,NL,9.0
03074240,NL,9.0
03074290,NL,9.0
030743,NL,9.0
03074321,NL,9.0
03074325,NL,9.0
03074329,NL,9.0
03074331,NL,9.0
03074333,NL,9.0
03074335,NL,9.0
03074338,NL,9.0
03074391,NL,9.0
03074392,NL,9.0
03074395,NL,9.0
03074399,NL,9.0
030749,NL,9.0
03075100,NL,9.0
03075200,NL,9.0
03075900,NL,9.0
03076000,NL,9.0
03077100,NL,9.0
030772,NL,9.0
03077900,NL,9.0
03078100,NL,9.0
03078200,NL,9.0
03078300,NL,9.0
03078400,NL,9.0
03078700,NL,9.0
03078800,NL,9.0
03079100,NL,9.0
03079200,NL,9.0
03079900,NL,9.0
03081100,NL,9.0
03081200,NL,9.0
03081900,NL,9.0
03082100,NL,9.0
03082200,NL,9.0
03082900,NL,9.0
030830,NL,9.0
030890,NL,9.0
0401,NL,9.0
0402,NL,9.0
0403,NL,9.0
0404,NL,9.0
0405,NL,9.0
0406,NL,9.0
04071100,NL,9.0
040719,NL,9.0
04072100,NL,9.0
040729,NL,9.0
040790,NL,9.0
04081180,NL,9.0
04081981,NL,9.0
04081989,NL,9.0
04089180,NL,9.0
04089980,NL,9.0
04090000,NL,9.0
04100000,NL,9.0
05040000,NL,9.0
05059000,NL,9.0
05061000,NL,9.0
05069000,NL,9.0
05100000,NL,9.0
05111000,NL,9.0
051191,NL,9.0
051199,NL,9.0
060220,NL,9.0
060290,NL,9.0
07,NL,9.0
08,NL,9.0
0901,NL,9.0
0902,NL,9.0
09030000,NL,9.0
09041100,NL,9.0
09041200,NL,9.0
090421,NL,9.0
09042200,NL,9.0
0905,NL,9.0
0906,NL,9.0
0907,NL,9.0
09081100,NL,9.0
09081200,NL,9.0
09082100,NL,9.0
09082200,NL,9.0
09083100,NL,9.0
09083200,NL,9.0
09092100,NL,9.0
09092200,NL,9.0
09093100,NL,9.0
09093200,NL,9.0
09096100,NL,9.0
09096200,NL,9.0
0910,NL,9.0
10,NL,9.0
110100,NL,9.0
1102,NL,9.0
1103,NL,9.0
110412,NL,9.0
110419,NL,9.0
110422,NL,9.0
110423,NL,9.0
110429,NL,9.0
110430,NL,9.0
1105,NL,9.0
1106,NL,9.0
110710,NL,9.0
11072000,NL,9.0
1108,NL,9.0
11090000,NL,9.0
1201,NL,9.0
12023000,NL,9.0
12024100,NL,9.0
12024200,NL,9.0
12030000,NL,9.0
120400,NL,9.0
120510,NL,9.0
12059000,NL,9.0
120600,NL,9.0
1207,NL,9.0
1208,NL,9.0
12091000,NL,9.0
12092100,NL,9.0
120922,NL,9.0
120923,NL,9.0
12092400,NL,9.0
120925,NL,9.0
120929,NL,9.0
12093000,NL,9.0
120991,NL,9.0
120999,NL,9.0
1210,NL,9.0
1211,NL,9.0
12122100,NL,9.0
12122900,NL,9.0
121291,NL,9.0
12129200,NL,9.0
12129300,NL,9.0
12129400,NL,9.0
121299,NL,9.0
12130000,NL,9.0
1214,NL,9.0
150110,NL,9.0
15011090,NL,9.0
150120,NL,9.0
150210,NL,9.0
150290,NL,9.0
150300,NL,9.0
150410,NL,9.0
150420,NL,9.0
150430,NL,9.0
15060000,NL,9.0
150710,NL,9.0
150790,NL,9.0
150810,NL,9.0
150890,NL,9.0
15099000,NL,9.0
151000,NL,9.0
151190,NL,9.0
151211,NL,9.0
151219,NL,9.0
151229,NL,9.0
151311,NL,9.0
151321,NL,9.0
151329,NL,9.0
151411,NL,9.0
151419,NL,9.0
151491,NL,9.0
151499,NL,9.0
15151100,NL,9.0
151519,NL,9.0
151521,NL,9.0
151529,NL,9.0
151550,NL,9.0
151590,NL,9.0
151610,NL,9.0
151620,NL,9.0
151710,NL,9.0
151790,NL,9.0
16,NL,9.0
17,NL,9.0
18,NL,9.0
19011000,NL,9.0
19012000,NL,9.0
190190,NL,9.0
1902,NL,9.0
19030000,NL,9.0
1904,NL,9.0
1905,NL,9.0
20,NL,9.0
2101,NL,9.0
210210,NL,9.0
210220,NL,9.0
21023000,NL,9.0
21031000,NL,9.0
21032000,NL,9.0
210330,NL,9.0
210390,NL,9.0
2104,NL,9.0
210500,NL,9.0
210610,NL,9.0
210690,NL,9.0
2201,NL,9.0
2202,NL,9.0
220300,NL,9.0
220410,NL,9.0
220421,NL,9.0
220422,NL,9.0
220429,NL,9.0
220430,NL,9.0
220510,NL,9.0
220590,NL,9.0
220600,NL,9.0
2207,NL,9.0
2208,NL,9.0
220900,NL,9.0
230210,NL,9.0
230230,NL,9.0
230240,NL,9.0
23025000,NL,9.0
230310,NL,9.0
230320,NL,9.0
23033000,NL,9.0
23040000,NL,9.0
23050000,NL,9.0
2306,NL,9.0
230800,NL,9.0
230990,NL,9.0
250100,NL,9.0
2936,NL,9.0
330210,NL,9.0
350110,NL,9.0
350190,NL,9.0
350211,NL,9.0
350219,NL,9.0
350220,NL,9.0
350290,NL,9.0
350300,NL,9.0
350400,NL,9.0
350510,NL,9.0
3507,NL,9.0
050800,NL,9.0
03091000,NL,9.0
03099000,NL,9.0
15092000,NL,9.0
15093000,NL,9.0
15163091,NL,9.0
24049110,NL,9.0
060110,NL,0.0
060120,NL,0.0
060210,NL,0.0
06023000,NL,0.0
06024000,NL,0.0
060290,NL,0.0
0603,NL,0.0
060420,NL,0.0
060490,NL,0.0
01061900,NL,9.0
49,NL,9.0
66020000,NL,9.0
901380,NL,9.0
90189084,NL,9.0
91,NL,9.0
85395200,NL,9.0
22019000,NL,9.0
28539010,NL,9.0
28044000,NL,9.0
300190,NL,9.0
30021100,NL,9.0
30021200,NL,9.0
30021300,NL,9.0
30021400,NL,9.0
30021500,NL,9.0
30021900,NL,9.0
300290,NL,9.0
3003,NL,9.0
30041000,NL,9.0
30042000,NL,9.0
30043100,NL,9.0
30043200,NL,9.0
30043900,NL,9.0
30044100,NL,9.0
30044200,NL,9.0
30044300,NL,9.0
30044900,NL,9.0
30045000,NL,9.0
30046000,NL,9.0
30049000,NL,9.0
30063000,NL,9.0
33049900,NL,9.0
33061000,NL,9.0
40141000,NL,9.0
40149000,NL,9.0
901920,NL,9.0
300241,NL,9.0
38221100,NL,9.0
38221200,NL,9.0
300190,NL,9.0
30021200,NL,9.0
30021300,NL,9.0
30021400,NL,9.0
30021500,NL,9.0
30021900,NL,9.0
300290,NL,9.0
3003,NL,9.0
30041000,NL,9.0
30042000,NL,9.0
30043100,NL,9.0
30043200,NL,9.0
30043900,NL,9.0
30044100,NL,9.0
30044200,NL,9.0
30044300,NL,9.0
30044900,NL,9.0
30045000,NL,9.0
30046000,NL,9.0
30049000,NL,9.0
40149000,NL,9.0
30024200,NL,9.0
44013900,NL,9.0
440140,NL,9.0
44031100,NL,9.0
44031200,NL,9.0
440321,NL,9.0
44032200,NL,9.0
440323,NL,9.0
44032400,NL,9.0
440325,NL,9.0
44034100,NL,9.0
440349,NL,9.0
44039100,NL,9.0
44039300,NL,9.0
44039400,NL,9.0
440395,NL,9.0
44039600,NL,9.0
44039700,NL,9.0
44039800,NL,9.0
44039900,NL,9.0
51011100,NL,9.0
51011900,NL,9.0
5301,NL,9.0
44014900,NL,9.0
44034200,NL,9.0
4901,NL,9.0
4902,NL,9.0
49030000,NL,9.0
49040000,NL,9.0
49100000,NL,9.0
49052000,NL,9.0
49059000,NL,9.0
870310,NL,9.0
8713,NL,9.0
87142000,NL,9.0
902110,NL,9.0
94016100,NL,9.0
94016900,NL,9.0
94017100,NL,9.0
94017900,NL,9.0
94018000,NL,9.0
94029000,NL,9.0
940490,NL,9.0
901831,NL,9.0
901832,NL,9.0
901890,NL,9.0
30051000,NL,9.0
300590,NL,9.0
300610,NL,9.0
30065000,NL,9.0
480300,NL,9.0
560121,NL,9.0
560122,NL,9.0
961900,NL,9.0
490700,NL,9.0
97040000,NL,9.0
4911,NL,9.0
9701,NL,9.0
4911,NL,9.0
58050000,NL,9.0
6304,NL,9.0
30064000,NL,9.0
30069100,NL,9.0
62129000,NL,9.0
850610,NL,9.0
85063000,NL,9.0
85064000,NL,9.0
850650,NL,9.0
85066000,NL,9.0
902110,NL,9.0
90212900,NL,9.0
90213100,NL,9.0
902139,NL,9.0
90214000,NL,9.0
90215000,NL,9.0
902190,NL,9.0
6913,NL,9.0
71189000,NL,9.0
97050000,NL,9.0
90183900,NL,9.0
901890,NL,9.0
90189084,NL,9.0
901920,NL,9.0
97020000,NL,9.0
97030000,NL,9.0
97060000,NL,9.0
,NL,21.0
65050030,BE,0.0
65050090,BE,0.0
65069100,BE,0.0
65069910,BE,0.0
65069990,BE,0.0
90251120,BE,0.0
90251180,BE,0.0
90251900,BE,0.0
70171000,BE,0.0
70172000,BE,0.0
70179000,BE,0.0
90261021,BE,0.0
90261081,BE,0.0
90268020,BE,0.0
90268080,BE,0.0
37011000,BE,0.0
37021000,BE,0.0
90261021,BE,0.0
90261081,BE,0.0
90268020,BE,0.0
90268080,BE,0.0
902780,BE,0.0
30021200,BE,6.0
30021900,BE,6.0
30029030,BE,6.0
30029090,BE,6.0
30021200,BE,6.0
30021300,BE,6.0
30021400,BE,6.0
30021500,BE,6.0
30021900,BE,6.0
300220,BE,6.0
30023000,BE,6.0
30029030,BE,6.0
30029050,BE,6.0
30029090,BE,6.0
3004,BE,6.0
30066000,BE,6.0
30029050,BE,6.0
3004,BE,6.0
3005,BE,6.0
30064000,BE,6.0
30065000,BE,6.0
30066000,BE,6.0
33049900,BE,6.0
40141000,BE,6.0
2936,BE,6.0
30029050,BE,6.0
30066000,BE,6.0
33021021,BE,6.0
33021029,BE,6.0
33069000,BE,6.0
35021990,BE,6.0
35030010,BE,6.0
350790,BE,6.0
38246091,BE,6.0
05111000,BE,6.0
05119190,BE,6.0
05119985,BE,6.0
28352500,BE,6.0
31,BE,6.0
28092000,BE,0.0
29051200,BE,0.0
29091100,BE,0.0
29091910,BE,0.0
29091990,BE,0.0
29092000,BE,0.0
29093010,BE,0.0
29093031,BE,0.0
29093035,BE,0.0
29093038,BE,0.0
29093090,BE,0.0
290930,BE,0.0
29094100,BE,0.0
29094300,BE,0.0
29094400,BE,0.0
29094911,BE,0.0
29094980,BE,0.0
29095000,BE,0.0
29096000,BE,0.0
28470000,BE,0.0
38089410,BE,0.0
38089420,BE,0.0
38089490,BE,0.0
87139000,BE,0.0
902780,BE,0.0
94029000,BE,0.0
30021300,BE,0.0
30021400,BE,0.0
30021500,BE,0.0
30029090,BE,0.0
38220000,BE,0.0
90189084,BE,0.0
902780,BE,0.0
90278080,BE,0.0
30039000,BE,0.0
30049000,BE,0.0
30059010,BE,0.0
39269097,BE,0.0
63062200,BE,0.0
63062900,BE,0.0
84192000,BE,0.0
94029000,BE,0.0
39262000,BE,0.0
40159000,BE,0.0
48185000,BE,0.0
61130010,BE,0.0
90049010,BE,0.0
90049090,BE,0.0
39269060,BE,0.0
48189010,BE,0.0
48189090,BE,0.0
63079093,BE,0.0
63079095,BE,0.0
740400,BE,0.0
750300,BE,0.0
760200,BE,0.0
78020000,BE,0.0
79020000,BE,0.0
80020000,BE,0.0
81019700,BE,0.0
81060010,BE,0.0
81073000,BE,0.0
81083000,BE,0.0
81122110,BE,0.0
81129210,BE,0.0
90183900,BE,6.0
90192000,BE,6.0
8713,BE,6.0
87142000,BE,6.0
87168000,BE,6.0
90191090,BE,6.0
90192000,BE,6.0
94049090,BE,6.0
85065090,BE,6.0
85076000,BE,6.0
85235110,BE,6.0
85235190,BE,6.0
85437090,BE,6.0
90189084,BE,6.0
90192000,BE,6.0
94029000,BE,6.0
8506,BE,6.0
9021,BE,6.0
90183900,BE,6.0
90189050,BE,6.0
90278017,BE,6.0
66020000,BE,6.0
85232919,BE,6.0
85437090,BE,6.0
90051000,BE,6.0
90058000,BE,6.0
90138090,BE,6.0
90141000,BE,6.0
901510,BE,6.0
9017,BE,6.0
9101,BE,6.0
9102,BE,6.0
9103,BE,6.0
9105,BE,6.0
29151100,BE,0.0
29151200,BE,0.0
29182100,BE,0.0
48189010,BE,0.0
56031110,BE,0.0
56039490,BE,0.0
63079092,BE,0.0
84138100,BE,0.0
85285291,BE,0.0
85285299,BE,0.0
85285900,BE,0.0
90189050,BE,0.0
90189060,BE,0.0
90189084,BE,0.0
901920,BE,0.0
90192090,BE,0.0
39172110,BE,0.0
39172190,BE,0.0
39172210,BE,0.0
39172290,BE,0.0
39172310,BE,0.0
39172390,BE,0.0
39172900,BE,0.0
39173100,BE,0.0
39173200,BE,0.0
39173300,BE,0.0
39173900,BE,0.0
85437090,BE,0.0
901920,BE,0.0
90192010,BE,0.0
90192020,BE,0.0
90192090,BE,0.0
39262000,BE,0.0
40151100,BE,0.0
40151900,BE,0.0
61161020,BE,0.0
61161080,BE,0.0
62160000,BE,0.0
90200010,BE,0.0
90200090,BE,0.0
961900,BE,6.0
9701,BE,6.0
57,BE,6.0
58050000,BE,6.0
63049100,BE,6.0
63049200,BE,6.0
63049300,BE,6.0
63049900,BE,6.0
97019000,BE,6.0
97060000,BE,6.0
97019000,BE,6.0
97060000,BE,6.0
97020000,BE,6.0
97030000,BE,6.0
97030000,BE,6.0
97060000,BE,6.0
97030000,BE,6.0
97050000,BE,6.0
30019020,BE,0.0
30029010,BE,0.0
30021300,BE,0.0
30021400,BE,0.0
30021500,BE,0.0
300220,BE,0.0
38220000,BE,0.0
97060000,BE,6.0
22072000,BE,6.0
38089410,BE,6.0
38089420,BE,6.0
38089490,BE,6.0
48189010,BE,6.0
48189090,BE,6.0
63079093,BE,6.0
63079095,BE,6.0
90200010,BE,6.0
90200090,BE,6.0
34011100,BE,0.0
34011900,BE,0.0
34012010,BE,0.0
34012090,BE,0.0
34013000,BE,0.0
34021200,BE,0.0
220300,BE,0.0
2204,BE,0.0
2205,BE,0.0
220600,BE,0.0
2402,BE,0.0
330300,BE,0.0
39262000,BE,6.0
39269097,BE,6.0
40149000,BE,6.0
40159000,BE,6.0
40161000,BE,6.0
40169997,BE,6.0
40170000,BE,6.0
4203,BE,6.0
6103,BE,6.0
6104,BE,6.0
6107,BE,6.0
6108,BE,6.0
6109,BE,6.0
6115,BE,6.0
6116,BE,6.0
611780,BE,6.0
6203,BE,6.0
6204,BE,6.0
6207,BE,6.0
6208,BE,6.0
62129000,BE,6.0
62160000,BE,6.0
62171000,BE,6.0
630790,BE,6.0
65050090,BE,6.0
65069100,BE,6.0
65069990,BE,6.0
39269097,BE,6.0
44219100,BE,6.0
44219910,BE,6.0
44219999,BE,6.0
6914,BE,6.0
741999,BE,6.0
79070000,BE,6.0
40111000,BE,6.0
40121100,BE,6.0
40122000,BE,6.0
40132000,BE,6.0
8703,BE,6.0
8708,BE,6.0
0101,BE,6.0
0102,BE,6.0
0103,BE,6.0
0104,BE,6.0
0105,BE,6.0
01061410,BE,6.0
01061900,BE,6.0
01063300,BE,6.0
01063910,BE,6.0
02,BE,6.0
05040000,BE,6.0
05119985,BE,6.0
160100,BE,6.0
1602,BE,6.0
01069000,BE,6.0
42010000,BE,6.0
0301,BE,6.0
0302,BE,6.0
0303,BE,6.0
0304,BE,6.0
0305,BE,6.0
0306,BE,6.0
0307,BE,6.0
06,BE,6.0
14019000,BE,6.0
44011100,BE,6.0
44011200,BE,6.0
44013100,BE,6.0
44013900,BE,6.0
44014010,BE,6.0
44014090,BE,6.0
44031100,BE,6.0
44031200,BE,6.0
440321,BE,6.0
53011000,BE,6.0
53012100,BE,6.0
53012900,BE,6.0
4901,BE,6.0
4902,BE,6.0
49030000,BE,6.0
49040000,BE,6.0
49111010,BE,6.0
49111090,BE,6.0
39269097,BE,0.0
48189010,BE,0.0
62102000,BE,0.0
62103000,BE,0.0
62104000,BE,0.0
62105000,BE,0.0
63079098,BE,0.0
0308,BE,6.0
160300,BE,6.0
1604,BE,6.0
04,BE,6.0
07,BE,6.0
08,BE,6.0
10,BE,6.0
20,BE,6.0
05119985,BE,6.0
2301,BE,6.0
2302,BE,6.0
2303,BE,6.0
23040000,BE,6.0
23050000,BE,6.0
2306,BE,6.0
230800,BE,6.0
230990,BE,6.0
25010099,BE,6.0
49059100,BE,6.0
49059900,BE,6.0
49119100,BE,6.0
4902,BE,0.0
49070010,BE,0.0
49070030,BE,0.0
49070090,BE,0.0
10,BE,6.0
12,BE,6.0
11,BE,6.0
1211,BE,6.0
13021100,BE,6.0
13021200,BE,6.0
13021300,BE,6.0
13021400,BE,6.0
13021905,BE,6.0
13021970,BE,6.0
13022010,BE,6.0
13022090,BE,6.0
49119100,BE,6.0
61142000,BE,0.0
61143000,BE,0.0
61149000,BE,0.0
62101010,BE,0.0
62101092,BE,0.0
62101098,BE,0.0
14049000,BE,6.0
17,BE,6.0
18,BE,6.0
19,BE,6.0
2007,BE,6.0
2009,BE,6.0
21,BE,6.0
2201,BE,6.0
2202,BE,6.0
22043092,BE,6.0
22043096,BE,6.0
220900,BE,6.0
15,BE,6.0
1517,BE,12.0
25090000,BE,12.0
25222000,BE,12.0
25302000,BE,12.0
28323000,BE,12.0
28332100,BE,12.0
28352400,BE,12.0
2701,BE,12.0
2702,BE,12.0
27040010,BE,12.0
27040030,BE,12.0
27040090,BE,12.0
27131100,BE,12.0
63079010,BE,0.0
90181100,BE,0.0
90181200,BE,0.0
901819,BE,0.0
90181910,BE,0.0
90181990,BE,0.0
90189084,BE,0.0
90221200,BE,0.0
90221400,BE,0.0
1605,BE,6.0
31,BE,12.0
3808,BE,12.0
40117000,BE,12.0
40121900,BE,12.0
40122000,BE,12.0
40139000,BE,12.0
87087099,BE,12.0
87169090,BE,12.0
67041100,BE,6.0
67041900,BE,6.0
67042000,BE,6.0
97040000,BE,0.0
0506,BE,0.0
05119910,BE,0.0
15180010,BE,0.0
35051050,BE,0.0
38063000,BE,0.0
3915,BE,0.0
261900,BE,0.0
84158100,BE,0.0
84158200,BE,0.0
84158300,BE,0.0
84798997,BE,0.0
85098000,BE,0.0
90183110,BE,0.0
90183190,BE,0.0
90183210,BE,0.0
90183290,BE,0.0
90183900,BE,0.0
901890,BE,0.0
90189020,BE,0.0
90189084,BE,0.0
22071000,BE,0.0
22072000,BE,0.0
22089091,BE,0.0
22089099,BE,0.0
84798997,BE,0.0
23,BE,6.0
25010091,BE,6.0
25010099,BE,6.0
28363000,BE,6.0
7318,BE,6.0
81089090,BE,6.0
40040000,BE,0.0
40170000,BE,0.0
41152000,BE,0.0
43018000,BE,0.0
43019000,BE,0.0
4707,BE,0.0
6310,BE,0.0
70010010,BE,0.0
25090000,BE,6.0
25222000,BE,6.0
25302000,BE,6.0
28323000,BE,6.0
28332100,BE,6.0
28352400,BE,6.0
8708,BE,6.0
0401,BE,0.0
0402,BE,0.0
30019020,BE,6.0
30019098,BE,6.0
901831,BE,6.0
90189084,BE,6.0
90183110,BE,6.0
90183190,BE,6.0
90183110,BE,6.0
90183190,BE,6.0
,BE,21.0
0201,IE,0.0
0304,IE,0.0
0401,IE,0.0
07,IE,0.0
0805,IE,0.0
1905,IE,0.0
230800,IE,0.0
30,IE,0.0
30066000,IE,0.0
96190040,IE,0.0
4901,IE,0.0
49030000,IE,0.0
4905,IE,0.0
8713,IE,0.0
9021,IE,0.0
0201,IE,0.0
0304,IE,0.0
0401,IE,0.0
07,IE,0.0
0805,IE,0.0
1905,IE,0.0
2309,IE,0.0
31,IE,0.0
30,IE,0.0
30066000,IE,0.0
8713,IE,0.0
9021,IE,0.0
96190040,IE,0.0
49,IE,0.0
6111,IE,0.0
6201,IE,0.0
6202,IE,0.0
6204,IE,0.0
6207,IE,0.0
6209,IE,0.0
1905,IE,9.0
190531,IE,9.0
190590,IE,9.0
2106,IE,9.0
4901,IE,9.0
4902,IE,9.0
49030000,IE,9.0
49040000,IE,9.0
4905,IE,9.0
49059100,IE,9.0
49100000,IE,9.0
49111010,IE,9.0
4902,IE,9.0
1905,IE,13.5
190520,IE,13.5
190590,IE,13.5
2106,IE,13.5
27,IE,13.5
27012000,IE,13.5
27030000,IE,13.5
27050000,IE,13.5
270900,IE,13.5
27111100,IE,13.5
27111211,IE,13.5
27160000,IE,13.5
4401,IE,13.5
30066000,IE,13.5
40141000,IE,13.5
38245010,IE,13.5
681011,IE,13.5
49119100,IE,13.5
58050000,IE,13.5
6304,IE,13.5
69139093,IE,13.5
69139098,IE,13.5
8201,IE,13.5
94012000,IE,13.5
96190040,IE,13.5
9701,IE,13.5
97020000,IE,13.5
97030000,IE,13.5
97030000,IE,13.5
97030000,IE,13.5
97060000,IE,13.5
01,IE,4.8
,IE,23.0
,SK,20.0
0201,SK,10.0
0203,SK,10.0
0204,SK,10.0
0207,SK,10.0
0208,SK,10.0
0301,SK,10.0
0302,SK,10.0
0304,SK,10.0
0401,SK,10.0
0403,SK,10.0
040510,SK,10.0
0406,SK,10.0
04090000,SK,10.0
0701,SK,10.0
07020000,SK,10.0
0703,SK,10.0
0704,SK,10.0
0705,SK,10.0
070700,SK,10.0
0708,SK,10.0
0709,SK,10.0
0808,SK,10.0
1905,SK,10.0
19059030,SK,10.0
2009,SK,10.0
284440,SK,10.0
29251100,SK,10.0
2941,SK,10.0
30,SK,10.0
38220000,SK,10.0
39229000,SK,10.0
611510,SK,10.0
66020000,SK,10.0
84714900,SK,10.0
851840,SK,10.0
8713,SK,10.0
87142000,SK,10.0
90013000,SK,10.0
900140,SK,10.0
900150,SK,10.0
9021,SK,10.0
961900,SK,10.0
4901,SK,10.0
49021000,SK,10.0
49030000,SK,10.0
49040000,SK,10.0
39269060,EE,0.0
48189010,EE,0.0
48189090,EE,0.0
63079010,EE,0.0
63079093,EE,0.0
63079095,EE,0.0
90200010,EE,0.0
901920,EE,0.0
90192010,EE,0.0
90192020,EE,0.0
90192090,EE,0.0
39172110,EE,0.0
39173900,EE,0.0
90189060,EE,0.0
90192090,EE,0.0
8415,EE,0.0
84798997,EE,0.0
85098000,EE,0.0
90192090,EE,0.0
22071000,EE,0.0
22072000,EE,0.0
22089091,EE,0.0
22089099,EE,0.0
90251120,EE,0.0
90251180,EE,0.0
90251900,EE,0.0
30021300,EE,0.0
30021400,EE,0.0
30021500,EE,0.0
30029090,EE,0.0
38210000,EE,0.0
38220000,EE,0.0
901890,EE,0.0
902780,EE,0.0
90278080,EE,0.0
30021300,EE,0.0
30021400,EE,0.0
30021500,EE,0.0
30039000,EE,0.0
30049000,EE,0.0
84192000,EE,0.0
30022010,EE,0.0
19011000,EE,9.0
19012000,EE,9.0
19059030,EE,9.0
210610,EE,9.0
21069092,EE,9.0
21069098,EE,9.0
22051010,EE,9.0
22089069,EE,9.0
3003,EE,9.0
3004,EE,9.0
30061090,EE,9.0
30063000,EE,9.0
33043000,EE,9.0
33051000,EE,9.0
33059000,EE,9.0
33069000,EE,9.0
28044000,EE,9.0
2844,EE,9.0
28470000,EE,0.0
380894,EE,0.0
29051200,EE,0.0
2909,EE,0.0
29151100,EE,0.0
29151200,EE,0.0
29182100,EE,0.0
3002,EE,9.0
30029030,EE,9.0
30066000,EE,9.0
40141000,EE,9.0
300241,EE,9.0
30024200,EE,9.0
3002,EE,9.0
300290,EE,9.0
30025100,EE,9.0
30025900,EE,9.0
30021200,EE,9.0
30021300,EE,9.0
30021400,EE,9.0
30021500,EE,9.0
30039000,EE,9.0
30049000,EE,9.0
30059050,EE,9.0
30059099,EE,9.0
34013000,EE,9.0
38089490,EE,9.0
30059010,EE,0.0
30059099,EE,0.0
34011100,EE,0.0
34011900,EE,0.0
34012010,EE,0.0
34012090,EE,0.0
34013000,EE,0.0
34021200,EE,0.0
37011000,EE,0.0
37021000,EE,0.0
39262000,EE,0.0
40151100,EE,0.0
40151900,EE,0.0
611610,EE,0.0
62160000,EE,0.0
39262000,EE,0.0
40159000,EE,0.0
48185000,EE,0.0
61130010,EE,0.0
61130090,EE,0.0
6114,EE,0.0
39269097,EE,0.0
40169997,EE,0.0
48189010,EE,0.0
63079098,EE,0.0
39269097,EE,0.0
63062200,EE,0.0
63062900,EE,0.0
94029000,EE,0.0
39269097,EE,0.0
70171000,EE,0.0
70172000,EE,0.0
70179000,EE,0.0
481890,EE,0.0
56031110,EE,0.0
56039490,EE,0.0
63079098,EE,0.0
621010,EE,0.0
62102000,EE,0.0
62103000,EE,0.0
62104000,EE,0.0
62105000,EE,0.0
621132,EE,0.0
621133,EE,0.0
62113900,EE,0.0
621142,EE,0.0
621143,EE,0.0
62114900,EE,0.0
63079092,EE,0.0
65050030,EE,0.0
65050090,EE,0.0
6506,EE,0.0
84138100,EE,0.0
90189050,EE,0.0
90189084,EE,0.0
84248970,EE,0.0
84798997,EE,0.0
85285291,EE,0.0
85285299,EE,0.0
85285900,EE,0.0
85437090,EE,0.0
90184990,EE,0.0
90189084,EE,0.0
90192000,EE,0.0
87139000,EE,0.0
902780,EE,0.0
94029000,EE,0.0
90049010,EE,0.0
90049090,EE,0.0
90181100,EE,0.0
90181200,EE,0.0
90221200,EE,0.0
90221400,EE,0.0
90181910,EE,0.0
90181990,EE,0.0
901890,EE,0.0
901831,EE,0.0
901832,EE,0.0
90183900,EE,0.0
901890,EE,0.0
90189084,EE,0.0
90189020,EE,0.0
90261021,EE,0.0
90261081,EE,0.0
90268020,EE,0.0
90268080,EE,0.0
902780,EE,0.0
39269097,EE,9.0
40169500,EE,9.0
9404,EE,9.0
39241000,EE,9.0
39249000,EE,9.0
39269097,EE,9.0
82100000,EE,9.0
82119100,EE,9.0
82159910,EE,9.0
30051000,EE,9.0
30069100,EE,9.0
40149000,EE,9.0
63079098,EE,9.0
90183900,EE,9.0
392690,EE,9.0
40149000,EE,9.0
39259080,EE,9.0
44219999,EE,9.0
39249000,EE,9.0
44219999,EE,9.0
63079098,EE,9.0
4802,EE,9.0
4805,EE,9.0
4823,EE,9.0
30061010,EE,9.0
39219010,EE,9.0
481890,EE,9.0
61082200,EE,9.0
90183900,EE,9.0
961900,EE,9.0
96190079,EE,9.0
4901,EE,9.0
4902,EE,9.0
49030000,EE,9.0
49040000,EE,9.0
49059100,EE,9.0
4901,EE,9.0
49030000,EE,9.0
49040000,EE,9.0
4911,EE,9.0
49119100,EE,9.0
61,EE,9.0
62,EE,9.0
630790,EE,9.0
65040000,EE,9.0
65050090,EE,9.0
62129000,EE,9.0
63079010,EE,9.0
63079098,EE,9.0
30051000,EE,9.0
3401,EE,9.0
34011900,EE,9.0
6307,EE,9.0
90183900,EE,9.0
90189084,EE,9.0
90192000,EE,9.0
90219090,EE,9.0
66020000,EE,9.0
66039010,EE,9.0
66039090,EE,9.0
8528,EE,9.0
8543,EE,9.0
90049090,EE,9.0
91051100,EE,9.0
91051900,EE,9.0
90138000,EE,9.0
66020000,EE,9.0
66039090,EE,9.0
70151000,EE,9.0
73089098,EE,9.0
8713,EE,9.0
87142000,EE,9.0
90014041,EE,9.0
90014049,EE,9.0
90015041,EE,9.0
90015049,EE,9.0
90031100,EE,9.0
9021,EE,9.0
39,EE,9.0
39249000,EE,9.0
70179000,EE,9.0
73249000,EE,9.0
3926,EE,9.0
72,EE,9.0
8301,EE,9.0
83062900,EE,9.0
8428,EE,9.0
8512,EE,9.0
8708,EE,9.0
8714,EE,9.0
94012000,EE,9.0
73089098,EE,9.0
76109090,EE,9.0
73089098,EE,9.0
73269098,EE,9.0
94029000,EE,9.0
94032080,EE,9.0
39249000,EE,9.0
73269098,EE,9.0
94017100,EE,9.0
94017900,EE,9.0
94018000,EE,9.0
96032980,EE,9.0
39249000,EE,9.0
73269098,EE,9.0
76169990,EE,9.0
82130000,EE,9.0
84231010,EE,9.0
84231090,EE,9.0
902610,EE,9.0
9102,EE,9.0
84289090,EE,9.0
844332,EE,9.0
8471,EE,9.0
8473,EE,9.0
85182100,EE,9.0
85182200,EE,9.0
8528,EE,9.0
8535,EE,9.0
8536,EE,9.0
8543,EE,9.0
85181000,EE,9.0
85182900,EE,9.0
85183000,EE,9.0
8470,EE,9.0
90172090,EE,9.0
90178010,EE,9.0
90178090,EE,9.0
90251920,EE,9.0
90258020,EE,9.0
9031,EE,9.0
84701000,EE,9.0
84718000,EE,9.0
85437090,EE,9.0
84729090,EE,9.0
8517,EE,9.0
8526,EE,9.0
85311030,EE,9.0
85311095,EE,9.0
90141000,EE,9.0
90148000,EE,9.0
8523,EE,9.0
87120070,EE,9.0
90013000,EE,9.0
90031900,EE,9.0
90039000,EE,9.0
90041010,EE,9.0
900490,EE,9.0
9018,EE,9.0
9027,EE,9.0
903300,EE,9.0
901831,EE,9.0
901832,EE,9.0
90183900,EE,9.0
90189084,EE,9.0
90219090,EE,9.0
903300,EE,9.0
90183900,EE,9.0
90189084,EE,9.0
392690,EE,9.0
90189084,EE,9.0
30059099,EE,9.0
3304,EE,9.0
33079000,EE,9.0
34011100,EE,9.0
34013000,EE,9.0
34022090,EE,9.0
90189084,EE,9.0
901910,EE,9.0
90191090,EE,9.0
90191090,EE,9.0
90192000,EE,9.0
30051000,EE,9.0
30059031,EE,9.0
30059050,EE,9.0
30059099,EE,9.0
94013000,EE,9.0
39249000,EE,9.0
9403,EE,9.0
95066200,EE,9.0
95066990,EE,9.0
95069190,EE,9.0
95069990,EE,9.0
9603,EE,9.0
9615,EE,9.0
84729080,EE,9.0
3822,EE,9.0
38221900,EE,9.0
38229000,EE,9.0
,EE,20.0
2828,EL,6.0
3307,EL,6.0
3401,EL,6.0
340120,EL,6.0
3402,EL,6.0
340220,EL,6.0
3808,EL,6.0
3824,EL,6.0
2844,EL,6.0
3002,EL,6.0
3006,EL,6.0
38220000,EL,6.0
3824,EL,6.0
38220000,EL,6.0
8517,EL,6.0
8531,EL,6.0
3926,EL,6.0
66020000,EL,6.0
7326,EL,6.0
8443,EL,6.0
8472,EL,6.0
8523,EL,6.0
3926,EL,6.0
4015,EL,6.0
4818,EL,6.0
6307,EL,6.0
4901,EL,6.0
49030000,EL,6.0
49040000,EL,6.0
8519,EL,6.0
8523,EL,6.0
8543,EL,6.0
4902,EL,6.0
66020000,EL,6.0
8471,EL,6.0
84729090,EL,6.0
8519,EL,6.0
8528,EL,6.0
9017,EL,6.0
9102,EL,6.0
300220,EL,0.0
3005,EL,0.0
38210000,EL,0.0
38220000,EL,0.0
3923,EL,0.0
3926,EL,0.0
7010,EL,0.0
8523,EL,0.0
9018,EL,0.0
9027,EL,0.0
1005,EL,6.0
1103,EL,6.0
1104,EL,6.0
12130000,EL,6.0
1214,EL,6.0
2207,EL,6.0
2301,EL,6.0
2302,EL,6.0
2303,EL,6.0
23040000,EL,6.0
23050000,EL,6.0
2306,EL,6.0
230700,EL,6.0
230800,EL,6.0
2309,EL,6.0
2711,EL,6.0
27160000,EL,6.0
3002,EL,6.0
3003,EL,6.0
3004,EL,6.0
0101,EL,13.0
0102,EL,13.0
0103,EL,13.0
0104,EL,13.0
0105,EL,13.0
0106,EL,13.0
0201,EL,13.0
0202,EL,13.0
0203,EL,13.0
0204,EL,13.0
020500,EL,13.0
0206,EL,13.0
0207,EL,13.0
0208,EL,13.0
0209,EL,13.0
0210,EL,13.0
0301,EL,13.0
0302,EL,13.0
0303,EL,13.0
0304,EL,13.0
0305,EL,13.0
0306,EL,13.0
0307,EL,13.0
0308,EL,13.0
0401,EL,13.0
0402,EL,13.0
0403,EL,13.0
0404,EL,13.0
0405,EL,13.0
0406,EL,13.0
0407,EL,13.0
0408,EL,13.0
04090000,EL,13.0
04100000,EL,13.0
05040000,EL,13.0
0601,EL,13.0
0602,EL,13.0
0701,EL,13.0
07020000,EL,13.0
0703,EL,13.0
0704,EL,13.0
0705,EL,13.0
0706,EL,13.0
070700,EL,13.0
0708,EL,13.0
0709,EL,13.0
0710,EL,13.0
0711,EL,13.0
0712,EL,13.0
0713,EL,13.0
0714,EL,13.0
0801,EL,13.0
0802,EL,13.0
0803,EL,13.0
0804,EL,13.0
0805,EL,13.0
0806,EL,13.0
0807,EL,13.0
0808,EL,13.0
0809,EL,13.0
0810,EL,13.0
0811,EL,13.0
0812,EL,13.0
0813,EL,13.0
08140000,EL,13.0
0901,EL,13.0
0902,EL,13.0
09030000,EL,13.0
0904,EL,13.0
0905,EL,13.0
0906,EL,13.0
0907,EL,13.0
0908,EL,13.0
0909,EL,13.0
0910,EL,13.0
1001,EL,13.0
1002,EL,13.0
1003,EL,13.0
1004,EL,13.0
1005,EL,13.0
1006,EL,13.0
1007,EL,13.0
1008,EL,13.0
110100,EL,13.0
1102,EL,13.0
1103,EL,13.0
1104,EL,13.0
1105,EL,13.0
1106,EL,13.0
1201,EL,13.0
1202,EL,13.0
120400,EL,13.0
1205,EL,13.0
120600,EL,13.0
1207,EL,13.0
1208,EL,13.0
1209,EL,13.0
1507,EL,13.0
1508,EL,13.0
1509,EL,13.0
151000,EL,13.0
1517,EL,13.0
160100,EL,13.0
1602,EL,13.0
160300,EL,13.0
1605,EL,13.0
1701,EL,13.0
1702,EL,13.0
1703,EL,13.0
1704,EL,13.0
18010000,EL,13.0
18020000,EL,13.0
1803,EL,13.0
18040000,EL,13.0
18050000,EL,13.0
1806,EL,13.0
1901,EL,13.0
1902,EL,13.0
19030000,EL,13.0
1904,EL,13.0
1905,EL,13.0
2001,EL,13.0
2002,EL,13.0
2003,EL,13.0
2004,EL,13.0
2005,EL,13.0
200600,EL,13.0
2007,EL,13.0
2008,EL,13.0
2101,EL,13.0
2102,EL,13.0
210500,EL,13.0
220900,EL,13.0
250100,EL,13.0
3922,EL,13.0
66020000,EL,13.0
9018,EL,13.0
9021,EL,13.0
9401,EL,13.0
9401,EL,13.0
961900,EL,13.0
6211,EL,13.0
6910,EL,13.0
7324,EL,13.0
7326,EL,13.0
8428,EL,13.0
8713,EL,13.0
8714,EL,13.0
9403,EL,13.0
9701,EL,13.0
97020000,EL,13.0
97030000,EL,13.0
97040000,EL,13.0
97050000,EL,13.0
97060000,EL,13.0
31010000,EL,13.0
3102,EL,13.0
3103,EL,13.0
3104,EL,13.0
3105,EL,13.0
3808,EL,13.0
0603,EL,13.0
0604,EL,13.0
1108,EL,13.0
1211,EL,13.0
1212,EL,13.0
1301,EL,13.0
1512,EL,13.0
1515,EL,13.0
1516,EL,13.0
1604,EL,13.0
2009,EL,13.0
2103,EL,13.0
2104,EL,13.0
2201,EL,13.0
2106,EL,13.0
2201,EL,13.0
2201,EL,13.0
2202,EL,13.0
2836,EL,13.0
3926,EL,13.0
8108,EL,13.0
9018,EL,13.0
3001,EL,13.0
3002,EL,13.0
3003,EL,13.0
3004,EL,13.0
3005,EL,13.0
3006,EL,13.0
3006,EL,13.0
3926,EL,13.0
4202,EL,13.0
9018,EL,13.0
3922,EL,13.0
6112,EL,13.0
6211,EL,13.0
6212,EL,13.0
9018,EL,6.0
9018,EL,6.0
6115,EL,13.0
6217,EL,13.0
6307,EL,13.0
6506,EL,13.0
9018,EL,13.0
9021,EL,13.0
,EL,24.0
