Country,Legislature type,Salary (local),Salary ($US),GDP per capita ($US),Salary as % GDP per capita,Data confidence,Last checked,Source
:us: United States of America,Congress,$ 174000,174000,81695,213%,High,1-Aug-2025,[US Senate](https://www.senate.gov/senators/SenateSalariesSince1789.htm)
:il: Israel,Knesset,₪ 570996,170620,53434,319%,Medium,17-Apr-2024,[Media report 2023](https://www.jpost.com/israel-news/politics-and-diplomacy/article-728886)
:de: Germany,Bundestag,€ 141998,168230,69338,243%,High,2-Jul-2025,[Germany Parliament Jul 2025](https://www.bundestag.de/abgeordnete/mdb_diaeten/mdb_diaeten-214848)
:nl: Netherlands,House of Representatives,€ 141429,167550,78215,214%,High,24-Nov-2024,[Netherlands legislation 2024 (including 8% holiday pay and 8.3% end-of-year bonus)](https://wetten.overheid.nl/BWBR0004939/2024-07-01)
:ae: United Arab Emirates,Federal National Council,د.إ 600000,163380,83903,195%,Medium,24-Nov-2024,[Media report 2015](https://www.thenationalnews.com/uae/rumours-of-huge-fnc-salaries-dismissed-by-member-1.86163)
:au: Australia,Parliament,$ 239270,159540,69115,231%,High,1-Jul-2025,[Remuneration Tribunal Jul 2025](https://www.remtribunal.gov.au/offices/parliamentary-offices)
:ky: Cayman Islands,Parliament,CI$ 130512,157040,85168,184%,High,25-Oct-2024,[Auditor General report 2023 (p16)](https://oag-cayman.imgix.net/assets/Public-Interest-Reports-Key-Management-Personnel-Remuneration-PIR-FINAL-REPORT-Nov-23.pdf?dl)
:ca: Canada,House of Commons,$ 209800,152450,61582,248%,High,1-Aug-2025,[Canada Parliament Apr 2025](https://lop.parl.ca/sites/ParlInfo/default/en_CA/People/Salaries)
:is: Iceland,Althing,kr 19335456,160410,77567,207%,High,17-Sep-2025,[Iceland Parliament Jul 2025](https://www.althingi.is/altext/cv/is/laun_og_greidslur/)
:sg: Singapore,Parliament,$ 192500,150890,141500,107%,High,22-Nov-2024,[Singapore Government](https://www.psd.gov.sg/faq)
:it: Italy,Camera,€ 125220,148350,58755,252%,High,22-Nov-2024,[Italy Government 2024](https://www.camera.it/leg19/383?conoscerelacamera=4)
:at: Austria,National Council,€ 124217,147160,73751,200%,High,2-Jul-2025,[Austria Parliament Jan 2024](https://www.parlament.gv.at/verstehen/nationalrat/abgeordnete/bezuege)
:gl: Greenland,Folketing (Denmark),kr 898092,142520,68087,209%,High,5-Jun-2025,[Denmark Parliament May 2025](https://www.thedanishparliament.dk/en/members/remuneration-and-pensions)
:dk: Denmark,Folketing,kr 873828,138670,76688,181%,High,5-Jun-2025,[Denmark Parliament May 2025](https://www.thedanishparliament.dk/en/members/remuneration-and-pensions)
:ie: Ireland,Dáil Éireann,€ 115953,137370,127623,108%,High,23-Mar-2025,[Ireland Parliament Mar 2025](https://www.oireachtas.ie/en/members/salaries-and-allowances/salaries/)
:lu: Luxembourg,Chamber of Deputies,€ 109500,129730,143342,91%,Medium,21-Mar-2025,[Inter-Parliamentary Union 2023](https://data.ipu.org/parliament/LU/LU-LC01/parliamentary-mandate/parliamentary-mandate/)
:gb: United Kingdom,House of Commons,£ 93904,128290,58906,218%,High,1-Apr-2025,[Media report Mar 2025](https://www.bbc.com/news/articles/c07krpmlnv8o)
:be: Belgium,Federal Parliament,€ 107888,127820,70456,181%,High,23-Mar-2025,[Belgium Parliament Mar 2025](https://www.dekamer.be/kvvcr/pdf_sections/depute/statuut%20van%20het%20lid.pdf)
:no: Norway,Storting,kr 1171000,119440,104460,114%,High,1-Aug-2025,[Norway Parliament May 2024](https://www.stortinget.no/en/In-English/Members-of-the-Storting/Financial-support/)
:kr: South Korea,National Assembly,₩ 154380000,112220,54033,208%,Medium,22-Nov-2024,[Inter-Parliamentary Union 2023](https://data.ipu.org/parliament/KR/KR-LC01/parliamentary-mandate/parliamentary-mandate/)
:co: Colombia,Congress,$ 434164097,111860,21548,519%,Medium,16-Jul-2022,[Media report 2022](https://www.larepublica.co/especiales/elecciones-congreso-y-consultas-2022/colombia-de-los-paises-con-mayor-brecha-entre-el-salario-de-congresistas-y-el-minimo-3321310)
:fr: France,National Assembly,€ 91649,108580,61157,178%,High,24-Nov-2024,[France Parliament Jan 2024 (including 3% residence and 25% functional allowance)](https://www.assemblee-nationale.fr/dyn/synthese/deputes-groupes-parlementaires/la-situation-materielle-du-depute)
:jp: Japan,Diet,¥ 15528000,106100,50207,211%,High,2-Nov-2024,[Japan Legislation 2022](https://elaws.e-gov.go.jp/document?lawid=322AC1000000080_20220422_504AC1000000029)
:nz: New Zealand,Parliament,$ 173400,103540,54110,191%,High,5-Nov-2024,[NZ Parliament July 2024](https://www.legislation.govt.nz/regulation/public/2024/0121/latest/LMS966051.html)
:se: Sweden,Riksdag,kr 942000,101560,70207,145%,High,1-Aug-2025,[Sweden Parliament Jan 2025](https://www.riksdagen.se/sv/sa-funkar-riksdagen/ledamoternas-arvoden-och-villkor/ledamoternas-arvoden/)
:fi: Finland,Parliament,€ 85644,101460,65061,156%,High,22-Nov-2024,[Finland Parliament 2023](https://www.eduskunta.fi/EN/kansanedustajat/palkkiot-ja-kulukorvaukset/Pages/default.aspx)
:br: Brazil,Chamber of Deputies,R$ 528102,99490,20584,483%,High,25-Oct-2024,[Brazil Parliament 2024](http://www2.camara.leg.br/transparencia/recursos-humanos/remuneracao/tabelas-de-remuneracao)
:tc: Turks and Caicos Islands,House of Assembly,US$ 97500,97500,24820,393%,Medium,25-Oct-2024,[Media report 2023](https://magneticmediatv.com/2023/12/pay-increase-was-never-about-you-premier-housing-bills-soar-to-near-half-a-million-dollars-says-astwood/)
:cr: Costa Rica,Legislative Assembly,₡ 48008580,95250,27953,341%,Medium,21-Mar-2025,[Inter-Parliamentary Union 2023](https://data.ipu.org/parliament/CR/CR-LC01/parliamentary-mandate/parliamentary-mandate/)
:uy: Uruguay,House of Representatives,U$ 3781473,94552,34062,278%,Medium,24-Nov-2024,[Inter-Parliamentary Union 2023](https://data.ipu.org/parliament/UY/UY-LC01/parliamentary-mandate/parliamentary-mandate/)
:cl: Chile,Congress,$ 88187796,92740,33285,279%,High,28-Oct-2024,[Chile Parliament 2024](https://www.camara.cl/transparencia/doc/dieta_actualizada.pdf)
:kw: Kuwait,National Assembly,د.ك 28200,92470,56386,164%,Medium,21-Oct-2024,[Inter-Parliamentary Union 2022](https://data.ipu.org/parliament/KW/KW-LC01/parliamentary-mandate/parliamentary-mandate/)
:ch: Switzerland,National Council,CHF 71066,90290,92980,97%,High,21-Mar-2025,[Switzerland Parliament 2024](https://www.parlament.ch/fr/%C3%BCber-das-parlament/portrait-du-parlement/deputes/indemnites-parlementaires)
:ee: Estonia,Riigikogu,€ 75850,89860,48992,183%,High,1-Aug-2025,[Estonia Parliament](https://www.riigikogu.ee/en/parliament-of-estonia/composition/salaries-of-mps/)
:lt: Lithuania,Seimas,€ 74987,88840,51877,171%,High,22-Nov-2024,[Lithuania Parliament Oct 2024](https://www.lrs.lt/sip/portal.show?p_r=35477&p_k=1)
:ru: Russia,Duma,₽ 6792000,80940,44104,184%,Medium,14-Oct-2024,[Media report 2023](https://ghall.com.ua/2023/10/03/zarplaty-deputatov-rossijskoj-gosdumy-vyrastut-na-tret-smi/)
:jm: Jamaica,House of Representatives,J$ 12532699,78150,11475,681%,High,2-Nov-2024,[Inter-Parliamentary Union 2023](https://data.ipu.org/parliament/JM/JM-LC01/parliamentary-mandate/parliamentary-mandate/)
:om: Oman,Shura Council,ريال 30000,77950,44421,175%,Medium,19-Oct-2024,[Inter-Parliamentary Union (2018)](https://data.ipu.org/parliament/OM/OM-LC01/parliamentary-mandate/parliamentary-mandate/)
:cy: Cyprus,House of Representatives,€ 65100,77120,57101,135%,Medium,28-Oct-2024,[Media report 2024](https://talanews.blogspot.com/2024/02/salaries-of-government-officials.html)
:za: South Africa,National Assembly,R 1274536,73460,15847,464%,High,22-Nov-2024,[SA Remuneration Commission Apr 2024](https://www.remcommission.gov.za/)
:gr: Greece,Hellenic Parliament,€ 62000,73450,41187,178%,Medium,31-Oct-2024,[Inter-Parliamentary Union 2023](https://data.ipu.org/parliament/GR/GR-LC01/parliamentary-mandate/parliamentary-mandate/)
:ir: Iran,Islamic Consultative Assembly,﷼. 3000000000,71670,17922,400%,Low,2-Nov-2024,[Media report 2024](https://www.ncr-iran.org/en/news/exclusive-report/leaked-documents-expose-iranian-mps-lucrative-salaries-amidst-economic-hardship/)
:vu: Vanuatu,Parliament,VT 7594600,64097,3315,1933%,High,18-Sep-2024,[Vanuatu Government 2023 (Responsibility Allowance + Touring Allowance)](https://rti.gov.vu/index.php/en/resources/poster-mp-expenses-allowances)
:sa: Saudi Arabia,Shura Council,ر.س 240000,64000,54992,116%,High,22-Nov-2024,[Saudi Arabia Parliament](https://www.shura.gov.sa/wps/wcm/connect/shuraen/internet/Laws+and+Regulations/The+Shura+Council+and+the+Rules+and+Regulations+Job/Members+Rights+and+Duties+Chart/)
:bh: Bahrain,Council of Representatives,د.ب 24000,63830,63848,100%,Medium,19-Oct-2024,[Media report 2016](https://www.newsofbahrain.com/bahrain/16651.html)
:mg: Madagascar,National Assembly,Ar 280104480,63700,1875,3397%,Medium,21-Oct-2024,[Inter-Parliamentary Union 2020](https://data.ipu.org/parliament/MG/MG-LC01/parliamentary-mandate/parliamentary-mandate/)
:pe: Peru,Congress of the Republic,S/ 218400,62700,16717,375%,Medium,22-Nov-2024,[Inter-Parliamentary Union 2023](https://data.ipu.org/parliament/PE/PE-LC01/parliamentary-mandate/parliamentary-mandate/)
:si: Slovenia,National Assembly,€ 52843,62600,54948,114%,Medium,22-Nov-2024,[Inter-Parliamentary Union 2023](https://data.ipu.org/node/156/parliamentary-mandate?chamber_id=13527)
:py: Paraguay,Chamber of Deputies,₲ 444000000,62370,17466,357%,Medium,15-Oct-2024,[Media report 2023](https://www.ultimahora.com/promedio-salarial-de-funcionarios-de-diputados-es-de-casi-g-7-millones)
:lv: Latvia,Saeima,€ 50640,59990,42501,141%,High,4-Nov-2024,[Latvia Parliament 2024](https://www.saeima.lv/14-saeima/deputati-14/deputatu-atalgojums-un-kompensacijas-14/)
:cz: Czechia,Parliament,Kč 1228800,59840,53817,111%,Medium,28-Oct-2024,[Media report 2024](https://www.ceskenoviny.cz/zpravy/2585168)
:jo: Jordan,House of Representatives,د.أ 42000,59240,10452,567%,Medium,21-Oct-2024,[Inter-Parliamentary Union 2022](https://data.ipu.org/parliament/JO/JO-LC01/parliamentary-mandate/parliamentary-mandate/)
:sk: Slovakia,National Council,€ 49380,58500,44650,131%,High,17-Sep-2025,[Slovakia Parliament 2025](https://www.nrsr.sk/web/?sid=faq)
:hr: Croatia,Parliament,€ 48000,56870,45910,124%,Medium,16-Oct-2024,[Media report 2024](https://n1info.hr/english/news/prime-minister-announces-significant-salary-increases-for-state-officials/)
:bm: Bermuda,House of Assembly,BD$ 56023,56020,106866,52%,High,25-Oct-2024,[Bermuda Government 2024](https://parliament.bm/about/view/10)
:pt: Portugal,Parliament,€ 46706,55330,48759,113%,High,22-Nov-2024,[Portugal Parliament 2024](https://www.parlamento.pt/DeputadoGP/Paginas/EstatutoRemuneratorioDeputados.aspx)
:iq: Iraq,Council of Representatives,ع.د 72000000,54930,13969,393%,Medium,20-Oct-2024,[Media report 2024](https://amwaj.media/media-monitor/secret-salary-increase-in-iraq-s-parliament-stokes-public-outrage)
:ug: Uganda,Parliament,Ush 192000000,54860,3098,1771%,Medium,24-Nov-2024,[Inter-Parliamentary Union 2023](https://data.ipu.org/parliament/UG/UG-LC01/parliamentary-mandate/parliamentary-mandate/)
:ci: Côte d'Ivoire,National Assembly,FCFA 30000000,54180,7791,695%,Medium,28-Oct-2024,[Inter-Parliamentary Union 2023](https://data.ipu.org/parliament/CI/CI-LC01/parliamentary-mandate/parliamentary-mandate/)
:ec: Ecuador,National Assembly,US$ 54060,54060,15870,341%,Medium,28-Oct-2024,[Inter-Parliamentary Union 2021](https://data.ipu.org/parliament/EC/EC-LC01/parliamentary-mandate/parliamentary-mandate/)
:es: Spain,Congress of Deputies,€ 45308,53680,52779,102%,High,20-Oct-2024,[Spain Parliament 2024 (14 monthly payments)](https://www.congreso.es/es/cem/regecodip#Retr)
:az: Azerbaijan,National Assembly,₼ 89460,52620,23686,222%,Medium,21-Oct-2024,[Inter-Parliamentary Union 2023](https://data.ipu.org/parliament/AZ/AZ-LC01/parliamentary-mandate/parliamentary-mandate/)
:ro: Romania,Chamber of Deputies,lei 224640,52520,47903,110%,Medium,21-Oct-2024,[Inter-Parliamentary Union 2022](https://data.ipu.org/parliament/RO/RO-LC01/parliamentary-mandate/parliamentary-mandate/)
:bg: Bulgaria,National Assembly,лв 84000,50880,38690,132%,Low,25-Oct-2024,[Media report 2024](https://fakti.bg/en/bulgaria/880973-zaplatata-na-deputata-pada-s-400-leva-a-tazi-na-rumen-radev-namalava-sas-700-leva)
:fm: Micronesia,Congress,US$ 50000,50000,4217,1186%,Medium,22-Nov-2024,[Inter-Parliamentary Union 2021](https://data.ipu.org/parliament/FM/FM-LC01/parliamentary-mandate/parliamentary-mandate/)
:pw: Palau,House of Delegates,US$ 50000,50000,17491,286%,Medium,22-Nov-2024,[Inter-Parliamentary Union 2020](https://data.ipu.org/parliament/PW/PW-LC01/parliamentary-mandate/parliamentary-mandate/)
:mx: Mexico,Chamber of Deputies,$ 907311,49480,25602,193%,High,2-Jan-2025,[Mexico Parliament Feb 2024](https://web.diputados.gob.mx/inicio/recursosHumanos)
:ma: Morocco,House of Representatives,د.م 432000,48130,9743,494%,Medium,21-Oct-2024,[Inter-Parliamentary Union (2022)](https://data.ipu.org/parliament/MA/MA-LC01/parliamentary-mandate/parliamentary-mandate/)
:hu: Hungary,Parliament,Ft 15585600,47340,45942,103%,Medium,31-Oct-2024,[Inter-Parliamentary Union 2022](https://data.ipu.org/parliament/HU/HU-LC01/parliamentary-mandate/parliamentary-mandate/)
:my: Malaysia,House of Representatives,RM 192000,45840,37248,123%,High,18-Sep-2024,[Act of Parliament 2015](https://www.cljlaw.com/files/bills/pdf/2014/MY_FS_BIL_2014_23.pdf)
:gt: Guatemala,Congress of the Republic,Q 349800,45700,14067,325%,Medium,31-Oct-2024,[Inter-Parliamentary Union 2023](https://data.ipu.org/parliament/GT/GT-LC01/parliamentary-mandate/parliamentary-mandate/)
:al: Albania,Kuvendi,L 3720000,45510,21395,213%,Medium,2-Jun-2025,[Media report 2023](https://scantv.al/si-do-ndryshoje-piramida-e-pagave-presidenti-me-i-mirepaguari-reforma-vijon-edhe-ne-dy-vitet-e-ardhshem)
:mc: Monaco,National Council,€ 38000,45020,240862,19%,Medium,22-Nov-2024,[Inter-Parliamentary Union 2023](https://data.ipu.org/parliament/MC/MC-LC01/parliamentary-mandate/parliamentary-mandate/)
:pl: Poland,Sejm,zł 153920,42880,49464,87%,Medium,22-Nov-2024,[Inter-Parliamentary Union 2022](https://data.ipu.org/parliament/PL/PL-LC01/parliamentary-mandate/parliamentary-mandate/)
:fj: Fiji,Parliament,FJ$ 95000,42530,15047,283%,High,18-Sep-2024,[Act of Parliament 2024](https://acrobat.adobe.com/id/urn:aaid:sc:ap:7828261c-bf68-448b-ba5c-eea5c4bad79e?viewer%21megaVerb=group-discover)
:bw: Botswana,National Assembly,P 579744,41560,19383,214%,Medium,14-Oct-2024,[Media report 2023](https://www.mmegi.bw/news/more-benefits-as-masisis-monthly-earnings-exceed-p100-000/news)
:ke: Kenya,National Assembly,KSh 5223612,40390,6324,639%,Low,2-Nov-2024,[Inter-Parliamentary Union 2023](https://data.ipu.org/parliament/KE/KE-LC01/parliamentary-mandate/parliamentary-mandate/)
:bn: Brunei Darussalam,Legislative Council,B$ 48000,37630,86446,44%,Medium,25-Oct-2024,[Inter-Parliamentary Union 2023](https://data.ipu.org/parliament/BN/BN-LC01/parliamentary-mandate/parliamentary-mandate/)
:bo: Bolivia,Chamber of Deputies,Bs 257436,37300,10727,348%,Medium,25-Oct-2024,[Inter-Parliamentary Union 2017](https://data.ipu.org/parliament/BO/BO-LC01/parliamentary-mandate/parliamentary-mandate/)
:ba: Bosnia and Herzegovina,House of Representatives,KM 61440,37220,22846,163%,Medium,25-Oct-2024,[Inter-Parliamentary Union 2023](https://data.ipu.org/parliament/BA/BA-LC01/parliamentary-mandate/parliamentary-mandate/)
:sm: San Marino,Great and General Council,€ 31200,36960,65718,56%,Medium,22-Nov-2024,[Inter-Parliamentary Union 2023](https://data.ipu.org/parliament/SM/SM-LC01/parliamentary-mandate/parliamentary-mandate/)
:tt: Trinidad and Tobago,House of Representatives,TT$ 248016,36570,31572,116%,High,24-Nov-2024,"[Salary Review Commission May 2023 (report 117, p39)](https://www.ttparliament.org/113th-and-117th-reports-of-the-salaries-review-commission-src/)"
:so: Somalia,House of the People,US$ 36000,36000,1611,2234%,Medium,21-Oct-2024,[Media report 2023](https://mogadishu24.com/somalia-approves-50-wage-increase-for-mps-in-2024-budget/)
:tl: Timor-Leste,National Parliament,US$ 36000,36000,5109,705%,Medium,24-Nov-2024,[Inter-Parliamentary Union 2023](https://data.ipu.org/parliament/TL/TL-LC01/parliamentary-mandate/parliamentary-mandate/)
:ly: Libya,House of Representatives,ل.د 192000,35570,19641,181%,Medium,21-Oct-2024,[Inter-Parliamentary Union 2022](https://data.ipu.org/parliament/LY/LY-LC01/parliamentary-mandate/parliamentary-mandate/)
:ar: Argentina,Chamber of Deputies,$ 49563108,33620,29363,114%,Medium,15-Oct-2024,[Media report 2024](https://www.lanacion.com.ar/politica/los-sueldos-en-el-estado-los-senadores-y-diputados-cobran-mas-que-el-presidente-y-los-ministros-nid20082024/)
:bb: Barbados,House of Assembly,Bds$ 66880,33440,19357,173%,High,25-Oct-2024,[Government legislation 2024](https://www.barbadosparliament.com/uploads/sittings/attachments/0115746c993e6a7ce782d7f0ff1808c5.pdf)
:to: Tonga,Legislative Assembly,T$ 79500,33170,7016,473%,Medium,24-Nov-2024,[Inter-Parliamentary Union 2023](https://data.ipu.org/parliament/TO/TO-LC01/parliamentary-mandate/parliamentary-mandate/)
:mv: Maldives,People's Majlis,ރ 510000,33080,24809,133%,Medium,5-Nov-2024,[Inter-Parliamentary Union 2023](https://data.ipu.org/parliament/MV/MV-LC01/parliamentary-mandate/parliamentary-mandate/)
:ni: Nicaragua,National Assembly,C$ 1212772,32990,8044,410%,Medium,22-Nov-2024,[Inter-Parliamentary Union 2021](https://data.ipu.org/parliament/NI/NI-LC01/parliamentary-mandate/parliamentary-mandate/)
:dz: Algeria,National People's Assembly,دج 4242168,32840,17027,193%,Medium,21-Oct-2024,[Inter-Parliamentary Union](https://data.ipu.org/parliament/DZ/DZ-LC01/parliamentary-mandate/parliamentary-mandate/)
:mh: Marshall Islands,Nitijela,US$ 32500,32500,7491,434%,High,5-Nov-2024,[Act of Parliament (amended 2018)](https://rmiparliament.org/cms/images/LEGISLATION/PRINCIPAL/1975/1975-0002/1975-0002_2.pdf)
:ad: Andorra,General Council,€ 27424,32490,71588,45%,High,22-Nov-2024,[Andorra Government Mar 2024](https://www.consellgeneral.ad/ca/arxiu/info/legislatura-actual/salaris/retribucions-als-consellers-generals-any-2023)
:me: Montenegro,Parliament,€ 25156,29800,31216,95%,Medium,22-Nov-2024,[Inter-Parliamentary Union 2023](https://data.ipu.org/parliament/ME/ME-LC01/parliamentary-mandate/parliamentary-mandate/)
:kn: St. Kitts and Nevis,National Assembly,EC$ 78600,29030,33403,87%,Medium,22-Nov-2024,[Media report 2024](https://www.winnmediaskn.com/resolution-to-increase-salaries-of-parliamentary-members-passed/)
:mt: Malta,House of Representatives,€ 24254,28730,62446,46%,Medium,5-Nov-2024,[Inter-Parliamentary Union 2023](https://data.ipu.org/parliament/MT/MT-LC01/parliamentary-mandate/parliamentary-mandate/)
:sn: Senegal,National Assembly,FCFA 15600000,28170,4833,583%,Medium,22-Nov-2024,[Inter-Parliamentary Union 2021](https://data.ipu.org/parliament/SN/SN-LC01/parliamentary-mandate/parliamentary-mandate/)
:tg: Togo,National Assembly,FCFA 15600000,28170,3155,893%,Medium,24-Nov-2024,[Inter-Parliamentary Union 2023](https://data.ipu.org/parliament/TG/TG-LC01/parliamentary-mandate/parliamentary-mandate/)
:ls: Lesotho,National Assembly,M 486216,28020,2794,1003%,High,14-Oct-2024,[Act of Parliament 2023](https://archive.gazettes.africa/archive/ls/2023/ls-government-gazette-dated-2023-05-05-no-34.pdf)
:bs: Bahamas,House of Assembly,B$ 28000,28000,35555,79%,High,25-Oct-2024,[Government legislation 2017](https://laws.bahamas.gov.bs/cms/images/LEGISLATION/PRINCIPAL/1992/1992-0027/1992-0027.pdf)
:tr: Türkiye,Grand National Assembly,₺ 1152942,27920,44151,63%,Medium,22-Nov-2024,[Inter-Parliamentary Union 2023](https://data.ipu.org/parliament/TR/TR-LC01/parliamentary-mandate/parliamentary-mandate/)
:th: Thailand,House of Representatives,฿ 854760,26970,23423,115%,Medium,24-Nov-2024,[Media report Jun 2023](https://www.thaipbs.or.th/news/content/328957)
:am: Armenia,National Assembly,Դ 9984000,26190,23055,114%,Medium,21-Oct-2024,[Inter-Parliamentary Union 2023](https://data.ipu.org/parliament/AM/AM-LC01/parliamentary-mandate/parliamentary-mandate/)
:gq: Equatorial Guinea,Chamber of Deputies,FCFA 14441700,26080,18724,139%,Medium,28-Oct-2024,[Inter-Parliamentary Union 2019](https://data.ipu.org/parliament/GQ/GQ-LC01/parliamentary-mandate/parliamentary-mandate/)
:sc: Seychelles,National Assembly,Rs 373500,25660,32694,78%,Medium,22-Nov-2024,[Inter-Parliamentary Union 2023](https://data.ipu.org/parliament/SC/SC-LC01/parliamentary-mandate/parliamentary-mandate/)
:li: Liechtenstein,Landtag,CHF 20000,25410,187267,14%,High,4-Nov-2024,"[Liechtenstein Parliament 2024 (+300 CHF daily attendance fee & 300 CHF daily ""preparatory work"" fee)](https://www.landtag.li/organisation-en)"
:na: Namibia,National Assembly,N$ 438338,25260,12757,198%,Low,22-Nov-2024,[Namibia Parliament 2017](https://www.lac.org.na/laws/2017/6259.pdf)
:pg: Papua New Guinea,National Parliament,K 105343,25220,4607,547%,Medium,22-Nov-2024,[PNG Parliament 2015](https://www.parliament.gov.pg/uploads/SALARIES-AND-REMUNERATION-COMMISSION-2017.pdf)
:nr: Nauru,Parliament,$ 37397,24940,12671,197%,High,22-Nov-2024,[Nauru Parliament 2017](http://ronlaw.gov.nr/nauru_lpms/index.php/act/view/1527)
:sb: Solomon Islands,National Parliament,SI$ 198810,23400,3035,771%,Medium,22-Nov-2024,[Inter-Parliamentary Union 2023](https://data.ipu.org/parliament/SB/SB-LC01/parliamentary-mandate/parliamentary-mandate/)
:ye: Yemen,House of Representatives,﷼. 5520000,23041,5888,391%,Medium,20-Oct-2024,[Inter-Parliamentary Union 2022](https://data.ipu.org/parliament/YE/YE-LC01/parliamentary-mandate/parliamentary-mandate/)
:ag: Antigua and Barbuda,House of Representatives,EC$ 61560,22740,31802,72%,Medium,25-Oct-2024,[Media report 2024](https://antiguaobserver.com/opposition-members-caught-off-guard-by-govts-move-to-raise-parliamentarians-salaries/#google_vignette)
:gd: Grenada,House of Representatives,EC$ 60000,22160,17654,126%,Medium,31-Oct-2024,[Media report 2023](https://www.thenewtodaygrenada.com/local-news/pay-hike-for-parliamentarians/)
:dj: Djibouti,National Assembly,Fdj 3910676,21960,7204,305%,Low,21-Oct-2024,[Inter-Parliamentary Union 2018](https://data.ipu.org/parliament/DJ/DJ-LC01/parliamentary-mandate/parliamentary-mandate/)
:kz: Kazakhstan,Parliament,₸ 11880000,21960,39333,56%,Low,14-Oct-2024,[Media report 2023](https://tashkenttimes.uz/national/11463-uzbek-mps-paid-less-than-their-foreign-peers)
:mk: North Macedonia,Assembly of the Republic,ден 1107000,21250,24873,85%,Medium,22-Nov-2024,[Inter-Parliamentary Union 2022](https://data.ipu.org/parliament/MK/MK-LC01/parliamentary-mandate/parliamentary-mandate/)
:gh: Ghana,Parliament,¢ 252000,20570,7466,276%,Medium,31-Oct-2024,[Inter-Parliamentary Union 2022](https://data.ipu.org/parliament/GH/GH-LC01/parliamentary-mandate/parliamentary-mandate/)
:tn: Tunisia,Assembly of People's Representatives,د.ت 59000,20460,13682,150%,Medium,21-Oct-2024,[Inter-Parliamentary Union 2023](https://data.ipu.org/parliament/TN/TN-LC01/parliamentary-mandate/parliamentary-mandate/)
:ge: Georgia,Parliament,ლ 55488,20410,24681,83%,Medium,31-Oct-2024,[Inter-Parliamentary Union 2023](https://data.ipu.org/parliament/GE/GE-LC01/parliamentary-mandate/parliamentary-mandate/)
:cn: China,Congress,¥ 136620,19230,24558,78%,Low,16-Jul-2022,[Media report 2015](http://www.chinadaily.com.cn/china/2015-01/20/content_19353528.htm)
:bz: Belize,House of Representatives,BZ$ 37800,18780,14195,132%,Medium,25-Oct-2024,[Inter-Parliamentary Union 2022](https://data.ipu.org/parliament/BZ/BZ-LC01/parliamentary-mandate/parliamentary-mandate/)
:mu: Mauritius,National Assembly,Rs 820800,18200,29499,62%,High,5-Nov-2024,[Act of Parliament 2017](https://mauritiuslii.org/akn/mu/act/1973/21/eng@2017-06-30)
:cg: Republic of the Congo,National Assembly,FCFA 9900000,17880,6933,258%,Low,28-Oct-2024,[Inter-Parliamentary Union 2022](https://data.ipu.org/parliament/CG/CG-LC01/parliamentary-mandate/parliamentary-mandate/)
:bj: Benin,National Assembly,FCFA 9890496,17860,4248,420%,Medium,25-Oct-2024,[Inter-Parliamentary Union 2023](https://data.ipu.org/parliament/BJ/BJ-LC01/parliamentary-mandate/parliamentary-mandate/)
:cv: Cabo Verde,National Assembly,$ 1632000,17530,9086,193%,Medium,25-Oct-2024,[Inter-Parliamentary Union 2023](https://data.ipu.org/parliament/CV/CV-LC01/parliamentary-mandate/parliamentary-mandate/)
:in: India,House of the People,₹ 1488000,16950,10176,167%,High,24-Apr-2025,[Media report 2025](https://timesofindia.indiatimes.com/india/mps-to-earn-rs-1-2-lakh/month-as-centre-notifies-24-hike-in-pay-pension/articleshow/119442778.cms)
:ne: Niger,National Assembly,FCFA 8700000,15710,1817,864%,Medium,22-Nov-2024,[Inter-Parliamentary Union 2023](https://data.ipu.org/parliament/NE/NE-LC01/parliamentary-mandate/parliamentary-mandate/)
:rw: Rwanda,Chamber of Deputies,R₣ 20992608,14510,3361,432%,Medium,22-Nov-2024,[Inter-Parliamentary Union 2021](https://data.ipu.org/parliament/RW/RW-LC01/parliamentary-mandate/parliamentary-mandate/)
:td: Chad,Transitional National Council,FCFA 7920000,14300,1969,726%,Medium,21-Oct-2024,[Inter-Parliamentary Union 2023](https://data.ipu.org/parliament/TD/TD-LC01/parliamentary-mandate/parliamentary-mandate/)
:md: Moldova,Parliament,L 234240,14140,17384,81%,Medium,22-Nov-2024,[Inter-Parliamentary Union 2021](https://data.ipu.org/parliament/MD/MD-LC01/parliamentary-mandate/parliamentary-mandate/)
:sl: Sierra Leone,Parliament,Le 306768,13470,1847,729%,Medium,22-Nov-2024,[Inter-Parliamentary Union 2022](https://data.ipu.org/parliament/SL/SL-LC01/parliamentary-mandate/parliamentary-mandate/)
:id: Indonesia,MPR-RI,Rp 220000000,13360,15613,86%,Medium,2-Nov-2024,[Inter-Parliamentary Union 2023](https://data.ipu.org/parliament/ID/ID-LC01/parliamentary-mandate/parliamentary-mandate/)
:gy: Guyana,National Assembly,GY$ 2776608,13280,55263,24%,Medium,31-Oct-2024,[Inter-Parliamentary Union 2022](https://data.ipu.org/parliament/GY/GY-LC01/parliamentary-mandate/parliamentary-mandate/)
:rs: Serbia,National Assembly,Дин 1256928,12710,27402,46%,Medium,21-Oct-2024,[Inter-Parliamentary Union 2023](https://data.ipu.org/parliament/RS/RS-LC01/parliamentary-mandate/parliamentary-mandate/)
:vc: St. Vincent and the Grenadines,House of Assembly,EC$ 32770,12110,19876,61%,Medium,22-Nov-2024,[Inter-Parliamentary Union 2023](https://data.ipu.org/parliament/VC/VC-LC01/parliamentary-mandate/parliamentary-mandate/)
:zm: Zambia,National Assembly,ZK 276000,11744,4126,285%,Medium,22-Nov-2024,[Inter-Parliamentary Union 2023](https://data.ipu.org/parliament/ZM/ZM-LC01/parliamentary-mandate/parliamentary-mandate/)
:tz: Tanzania,National Assembly,TSh 27600000,11190,3973,282%,Medium,24-Nov-2024,[Inter-Parliamentary Union 2022](https://data.ipu.org/parliament/TZ/TZ-LC01/parliamentary-mandate/parliamentary-mandate/)
:tz: Tanzania,National Assembly,TSh 27600000,11190,3973,282%,Medium,21-Oct-2024,[Inter-Parliamentary Union 2022](https://data.ipu.org/parliament/TZ/TZ-LC01/parliamentary-mandate/parliamentary-mandate/)
:by: Belarus,House of Representatives,Br 37320,11020,30752,36%,Low,21-Oct-2024,[Media report 2023](https://tashkenttimes.uz/national/11463-uzbek-mps-paid-less-than-their-foreign-peers)
:bt: Bhutan,National Assembly,Nu 886140,10090,15022,67%,High,25-Oct-2024,[Bhutan Government 2023](https://www.mof.gov.bt/wp-content/uploads/2023/07/Pay-Structure-Reform-Pay-Revision-Notification-July-2023.pdf)
:ht: Haiti,Chamber of Deputies,G 1261000,9630,3256,296%,Medium,31-Oct-2024,[Inter-Parliamentary Union 2020](https://data.ipu.org/parliament/HT/HT-LC01/parliamentary-mandate/parliamentary-mandate/)
:tj: Tajikistan,Assembly of Representatives,SM‎ 87840,9320,5082,183%,Low,21-Oct-2024,[Media report 2023](https://tashkenttimes.uz/national/11463-uzbek-mps-paid-less-than-their-foreign-peers)
:ua: Ukraine,Parliament,₴ 363360,8820,18008,49%,Medium,20-Oct-2024,[Parlament Ukraine (think tank) 2024](https://parlament.org.ua/en/analytics/how-much-do-mps-earn-and-how-can-they-earn-more/)
:mw: Malawi,National Assembly,MK 14279688,8230,1868,441%,Medium,5-Nov-2024,[Inter-Parliamentary Union 2022](https://data.ipu.org/parliament/MW/MW-LC01/parliamentary-mandate/parliamentary-mandate/)
:st: São Tomé and Principe,National Assembly,Db 168234,8050,6064,133%,Medium,22-Nov-2024,[Inter-Parliamentary Union 2022](https://data.ipu.org/parliament/ST/ST-LC01/parliamentary-mandate/parliamentary-mandate/)
:np: Nepal,House of Representatives,₨ 1080840,7690,5182,148%,Medium,21-Oct-2024,[Inter-Parliamentary Union 2023](https://data.ipu.org/parliament/NP/NP-LC01/parliamentary-mandate/parliamentary-mandate/)
:zw: Zimbabwe,National Assembly,Z$ 2716511,7506,3900,192%,Medium,22-Nov-2024,[Inter-Parliamentary Union 2023](https://data.ipu.org/parliament/ZW/ZW-LC01/parliamentary-mandate/parliamentary-mandate/)
:ng: Nigeria,National Assembly,₦ 10200000,6830,6318,108%,Medium,19-Oct-2024,[Inter-Parliamentary Union 2022](https://data.ipu.org/parliament/NG/NG-LC01/parliamentary-mandate/parliamentary-mandate/)
:gm: The Gambia,National Assembly,D 480000,6630,3163,210%,Medium,31-Oct-2024,[Inter-Parliamentary Union 2021](https://data.ipu.org/parliament/GM/GM-LC01/parliamentary-mandate/parliamentary-mandate/)
:cm: Cameroon,National Assembly,FCFA 3528000,6370,5380,118%,Medium,25-Oct-2024,[Inter-Parliamentary Union 2024](https://data.ipu.org/parliament/CM/CM-LC01/parliamentary-mandate/parliamentary-mandate/)
:pk: Pakistan,Parliament,Rs 1800000,6360,6212,102%,Medium,22-Nov-2024,[Pakistan legislation 2018](https://archive.is/rKK14)
:kg: Kyrgyzstan,Supreme Council,лв 516000,5900,7103,83%,Low,21-Oct-2024,[Media report 2023](https://tashkenttimes.uz/national/11463-uzbek-mps-paid-less-than-their-foreign-peers)
:mn: Mongolia,State Great Khural,₮ 19776132,5500,18108,30%,Medium,22-Nov-2024,[Inter-Parliamentary Union 2023](https://data.ipu.org/parliament/MN/MN-LC01/parliamentary-mandate/parliamentary-mandate/)
:bd: Bangladesh,Parliament,৳ 660000,5430,9066,60%,High,5-Nov-2024,[Act of Parliament (amended 2015)](http://bdlaws.minlaw.gov.bd/act-455/section-10517.html)
:uz: Uzbekistan,Legislative Chamber,лв 52800000,4302,9725,44%,Low,14-Oct-2024,[Media report 2023](https://tashkenttimes.uz/national/11463-uzbek-mps-paid-less-than-their-foreign-peers)
:lb: Lebanon,House of Representatives,L£ 336000000,3750,12853,29%,Medium,19-Oct-2024,[Inter-Parliamentary Union 2022](https://data.ipu.org/parliament/LB/LB-LC01/parliamentary-mandate/parliamentary-mandate/)
:vn: Vietnam,National Assembly,₫ 91728000,3482,15194,23%,Medium,20-Oct-2024,[Inter-Parliamentary Union 2023](https://data.ipu.org/parliament/VN/VN-LC01/parliamentary-mandate/parliamentary-mandate/)
:mz: Mozambique,Assembly of the Republic,MT 174250,2730,1657,165%,Medium,22-Nov-2024,[CIP Mozambique 2023](https://www.cipmoz.org/wp-content/uploads/2023/06/Review-of-the-Single-Salary-Scale.pdf)
:lk: Sri Lanka,Parliament,Rs 651420,2160,14455,15%,High,22-Nov-2024,[Sri Lanka Parliament 2022](https://www.parliament.lk/44-members-of-parliament/1369-mp-allowances-benefits)
:et: Ethiopia,House of People's Representatives,ብር 170280,1180,3109,38%,Medium,28-Oct-2024,[Inter-Parliamentary Union 2022](https://data.ipu.org/parliament/ET/ET-LC01/parliamentary-mandate/parliamentary-mandate/)
:bi: Burundi,National Assembly,FBu 2125200,710,951,75%,Medium,25-Oct-2024,[Inter-Parliamentary Union 2020](https://data.ipu.org/parliament/BI/BI-LC01/parliamentary-mandate/parliamentary-mandate/)
:cu: Cuba,National Assembly,0 (No salary),0,Not available,0%,Medium,28-Oct-2024,[Media report 2023](https://apnews.com/article/cuba-national-assembly-elections-communist-party-b23e6569bbe6cd54ace03131b873d7ec)
:mm: Myanmar,House of Representatives (suspended),,,5905,,,22-Nov-2024,[Parliament suspended since Feb 2021](https://data.ipu.org/parliament/MM/MM-LC01/)
:sd: Sudan,National Assembly (suspended),,,3137,,,24-Nov-2024,[Parliament suspended since Apr 2021](https://data.ipu.org/parliament/SD/SD-LC01/)