AT,BE,CY,CZ,DE,EE,ES,FI,FR,GR,HR,HU,IE,IT,LT,LU,LV,MT,NL,PT,SI,SK,category,"euro
area",subcategory
127.8,242.4,200.4,97.3,106.7,66.2,127.7,104.0,125.7,84.6,64.9,55.6,193.7,159.0,53.7,717.7,31.3,273.6,105.6,99.6,118.8,97.0,Total population,123.5,ALL
10.3,71.6,56.4,49.7,10.6,24.5,45.4,8.7,11.6,47.9,45.0,30.7,112.3,58.0,31.9,109.4,14.0,159.0,11.9,44.0,58.4,62.4,Income,29.8,Bottom 20%
30.5,168.6,131.7,75.9,31.1,52.5,86.1,50.3,45.0,66.9,51.4,42.2,144.5,108.5,45.0,492.7,23.0,253.5,32.4,66.6,101.4,86.0,Income,73.0,20-40%
142.9,209.1,212.8,85.2,71.3,57.2,119.0,106.0,135.2,80.2,60.2,48.6,137.5,144.6,53.5,710.2,29.3,265.1,94.7,89.3,113.6,88.5,Income,111.0,40-60%
199.1,261.6,278.9,114.8,189.5,81.7,176.6,149.3,196.7,98.5,71.2,73.0,205.7,205.5,68.0,890.3,38.5,303.5,169.3,115.9,134.0,113.2,Income,189.0,60-80%
217.2,386.2,354.4,154.8,307.2,101.3,234.1,205.5,329.0,119.4,97.2,102.4,360.1,327.2,79.7,1284.9,64.4,396.0,230.8,185.9,173.4,134.8,Income,285.9,80-90%
461.0,614.4,564.6,207.7,530.5,180.2,461.7,422.2,630.7,229.5,150.5,187.4,490.6,746.5,97.6,2188.9,121.6,579.0,300.3,332.1,254.4,171.6,Income,517.6,90-100%
2.4,2.8,2.4,2.4,0.9,2.6,0.8,-0.4,3.1,3.2,0.4,5.2,0.7,5.9,9.8,14.9,0.5,8.3,0.4,1.4,3.1,16.7,Net wealth,2.0,Bottom 20%
23.6,99.8,93.5,47.8,18.9,27.2,55.1,20.3,27.2,41.9,31.7,28.9,60.0,83.3,31.2,254.3,16.3,171.5,19.9,43.5,58.3,63.1,Net wealth,35.0,20-40%
127.9,242.7,200.8,97.4,107.0,66.4,127.7,104.1,125.7,84.6,65.2,55.6,193.8,159.2,53.8,718.3,31.5,273.8,105.7,99.8,118.9,97.1,Net wealth,123.5,40-60%
282.0,405.4,345.5,157.9,298.1,118.5,237.2,216.1,277.9,144.4,106.3,99.1,360.4,277.0,83.4,1229.5,60.3,420.0,250.8,177.0,193.0,142.0,Net wealth,265.5,60-80%
518.6,668.4,579.5,235.2,536.4,204.9,436.8,386.3,489.1,226.9,182.5,176.7,624.4,507.3,121.1,2100.0,109.8,669.5,418.6,302.4,300.8,203.3,Net wealth,480.9,80-90%
1048.8,1277.4,1196.8,406.8,1108.2,458.4,892.6,766.2,967.0,414.2,353.8,325.7,1220.2,1185.8,230.0,4151.8,231.2,1173.8,783.9,646.8,550.5,324.3,Net wealth,1011.0,90-100%
26.7,153.7,129.5,59.1,40.9,33.8,93.0,48.9,59.5,50.3,43.0,42.2,156.3,108.0,40.5,492.4,19.9,202.8,32.0,73.5,67.7,69.5,Household size,64.0,1
179.0,326.4,161.0,102.9,169.7,78.7,170.2,175.4,203.4,88.5,81.3,59.8,238.3,167.6,73.2,768.1,42.8,278.5,169.1,96.7,142.4,105.8,Household size,167.1,2
213.3,223.7,187.3,109.2,165.4,99.2,128.2,137.8,136.3,106.1,74.2,72.0,157.3,192.0,59.3,821.2,31.3,316.0,175.7,106.1,145.0,106.9,Household size,153.5,3
216.9,320.9,299.3,132.0,204.0,98.7,138.3,180.5,192.4,100.1,69.9,77.5,210.4,224.9,54.6,968.0,62.3,378.2,188.2,121.7,148.5,109.4,Household size,178.0,4
199.6,225.0,330.6,162.1,111.8,126.1,109.1,122.2,84.3,80.6,87.2,52.8,235.2,175.1,74.8,840.4,59.6,345.2,188.7,179.6,154.0,85.0,Household size,125.9,5+
352.3,400.5,300.7,132.8,396.4,81.6,223.5,241.1,334.8,119.8,89.7,65.8,365.1,214.0,57.6,1242.3,43.3,378.2,442.3,154.4,155.7,114.0,Housing status,266.6,Owners - outright
294.1,247.9,232.8,102.7,326.3,97.1,129.4,143.1,188.5,88.7,64.8,58.1,232.6,172.4,60.7,779.4,48.6,242.3,220.8,123.2,142.7,89.4,Housing status,193.2,Owners - with mortgage
17.8,8.3,6.6,4.5,16.2,4.7,7.9,2.7,12.7,6.5,0.6,3.5,5.5,8.2,3.2,61.4,1.2,10.0,10.0,7.5,4.5,5.5,Housing status,12.0,Renters / other
12.8,69.1,161.8,43.9,16.3,28.6,37.5,6.2,22.4,8.4,20.4,25.7,23.8,95.6,43.4,167.9,21.7,209.6,28.4,46.1,12.3,71.5,Age of RP,21.7,16-34
61.7,173.8,187.8,102.7,65.7,80.2,82.7,88.9,84.0,68.1,40.6,58.5,93.3,112.6,80.2,424.9,28.5,259.0,94.8,86.7,108.9,83.8,Age of RP,88.4,35-44
188.0,233.6,274.8,102.4,155.2,88.9,116.7,157.4,143.0,86.5,67.2,72.2,230.0,180.0,60.7,801.6,39.8,343.5,150.1,122.7,142.8,105.9,Age of RP,146.8,45-54
202.8,359.5,275.2,124.2,230.3,76.7,180.5,163.2,191.2,108.0,95.4,65.2,336.8,212.0,57.7,1051.0,39.0,352.0,204.3,130.3,133.3,128.7,Age of RP,195.2,55-64
188.5,307.7,196.8,102.9,232.1,73.5,200.8,176.1,232.8,104.3,75.9,54.4,296.7,168.0,51.4,1219.5,36.3,310.0,134.4,99.2,138.2,100.8,Age of RP,185.3,65-74
92.3,337.4,115.3,78.0,129.9,47.8,163.7,163.5,201.3,85.9,60.7,46.1,263.3,125.4,43.0,1324.3,17.7,214.5,131.8,75.1,97.0,82.5,Age of RP,144.4,75+
